orgid,teacherextuserid,classtitle,classcode,category,,,,,,,,
perf-test17-alpha,tch_1021_schl_L1_20240723-124548_61,class_1021_schl_L1_20240723-124548_61,VFg8-h4yz,1021_schl_L1,,,,,,,,
perf-test17-alpha,tch_1021_schl_M5_20240724-125744_16,class_1021_schl_M5_20240724-125744_16,Z4yz-of26,1021_schl_M5,,,,,,,,
perf-test17-alpha,tch_1021_schl_L1_20240711-125227_6,class_1021_schl_L1_20240711-125227_6,gG7G-NzAV,1021_schl_L1,,,,,,,,
perf-test17-alpha,tch_1021_schl_L1_20240711-125227_7,class_1021_schl_L1_20240711-125227_7,hyvw-rsiu,1021_schl_L1,,,,,,,,
perf-test17-alpha,tch_1021_schl_L1_20240711-125227_9,class_1021_schl_L1_20240711-125227_9,67Xp-G9zA,1021_schl_L1,,,,,,,,
perf-test17-alpha,tch_1021_schl_L1_20240711-125227_8,class_1021_schl_L1_20240711-125227_8,M947-rd4h,1021_schl_L1,,,,,,,,
perf-test17-alpha,tch_1021_schl_L1_20240711-125227_10,class_1021_schl_L1_20240711-125227_10,xFnP-weqG,1021_schl_L1,,,,,,,,
perf-test17-alpha,tch_1021_schl_L1_20240711-125227_11,class_1021_schl_L1_20240711-125227_11,Ek98-GK7F,1021_schl_L1,,,,,,,,
perf-test17-alpha,tch_1021_schl_L1_20240711-125227_12,class_1021_schl_L1_20240711-125227_12,6e74-iy9M,1021_schl_L1,,,,,,,,
perf-test17-alpha,tch_1021_schl_L1_20240711-125227_13,class_1021_schl_L1_20240711-125227_13,jnDq-bVgM,1021_schl_L1,,,,,,,,
perf-test17-alpha,tch_1021_schl_L1_20240711-125227_14,class_1021_schl_L1_20240711-125227_14,LXKf-KzXk,1021_schl_L1,,,,,,,,
perf-test17-alpha,tch_1021_schl_L1_20240711-125227_15,class_1021_schl_L1_20240711-125227_15,6j8o-DRNT,1021_schl_L1,,,,,,,,
perf-test17-alpha,tch_1021_schl_L1_20240711-125227_16,class_1021_schl_L1_20240711-125227_16,UQ27-HY74,1021_schl_L1,,,,,,,,
perf-test17-alpha,tch_1021_schl_L1_20240711-125227_17,class_1021_schl_L1_20240711-125227_17,T4ij-w7Q9,1021_schl_L1,,,,,,,,
perf-test17-alpha,tch_1021_schl_L1_20240711-125227_18,class_1021_schl_L1_20240711-125227_18,7cFt-9gM2,1021_schl_L1,,,,,,,,
perf-test17-alpha,tch_1021_schl_L1_20240711-125227_19,class_1021_schl_L1_20240711-125227_19,7YiD-CBbK,1021_schl_L1,,,,,,,,
perf-test17-alpha,tch_1021_schl_L1_20240711-125227_20,class_1021_schl_L1_20240711-125227_20,42hy-VFPx,1021_schl_L1,,,,,,,,
perf-test17-alpha,tch_1021_schl_L1_20240711-125227_22,class_1021_schl_L1_20240711-125227_22,RaN2-n9GK,1021_schl_L1,,,,,,,,
perf-test17-alpha,tch_1021_schl_L1_20240711-125227_21,class_1021_schl_L1_20240711-125227_21,GUz4-JvX8,1021_schl_L1,,,,,,,,
perf-test17-alpha,tch_1021_schl_L1_20240711-125227_23,class_1021_schl_L1_20240711-125227_23,BjDz-PDh6,1021_schl_L1,,,,,,,,
perf-test17-alpha,tch_1021_schl_L1_20240711-125227_24,class_1021_schl_L1_20240711-125227_24,F32X-fV9o,1021_schl_L1,,,,,,,,
perf-test17-alpha,tch_1021_schl_L1_20240711-125227_25,class_1021_schl_L1_20240711-125227_25,4P6f-AjPh,1021_schl_L1,,,,,,,,
perf-test17-alpha,tch_1021_schl_L1_20240711-125227_26,class_1021_schl_L1_20240711-125227_26,E76k-yr6M,1021_schl_L1,,,,,,,,
perf-test17-alpha,tch_1021_schl_L1_20240711-125227_27,class_1021_schl_L1_20240711-125227_27,RQCs-Ggnr,1021_schl_L1,,,,,,,,
perf-test17-alpha,tch_1021_schl_L1_20240711-125227_28,class_1021_schl_L1_20240711-125227_28,fE64-nXde,1021_schl_L1,,,,,,,,
perf-test17-alpha,tch_1021_schl_L1_20240711-125227_29,class_1021_schl_L1_20240711-125227_29,78h4-k6zW,1021_schl_L1,,,,,,,,
perf-test17-alpha,tch_1021_schl_L1_20240711-125227_30,class_1021_schl_L1_20240711-125227_30,FxY8-iLMy,1021_schl_L1,,,,,,,,
perf-test17-alpha,tch_1021_schl_L1_20240711-125227_31,class_1021_schl_L1_20240711-125227_31,Rik3-7v8i,1021_schl_L1,,,,,,,,
perf-test17-alpha,tch_1021_schl_L1_20240711-125227_32,class_1021_schl_L1_20240711-125227_32,7NP4-2XNv,1021_schl_L1,,,,,,,,
perf-test17-alpha,tch_1021_schl_L1_20240711-125227_33,class_1021_schl_L1_20240711-125227_33,NEHd-pM6d,1021_schl_L1,,,,,,,,
perf-test17-alpha,tch_1021_schl_L1_20240711-125227_34,class_1021_schl_L1_20240711-125227_34,cg3h-v369,1021_schl_L1,,,,,,,,
perf-test17-alpha,tch_1021_schl_L1_20240711-125227_35,class_1021_schl_L1_20240711-125227_35,Xy7Q-aECo,1021_schl_L1,,,,,,,,
perf-test17-alpha,tch_1021_schl_L1_20240711-125227_36,class_1021_schl_L1_20240711-125227_36,3gEr-P94C,1021_schl_L1,,,,,,,,
perf-test17-alpha,tch_1021_schl_L1_20240711-125227_37,class_1021_schl_L1_20240711-125227_37,t3pC-zEnT,1021_schl_L1,,,,,,,,
perf-test17-alpha,tch_1021_schl_L1_20240711-125227_38,class_1021_schl_L1_20240711-125227_38,8jo9-gB7f,1021_schl_L1,,,,,,,,
perf-test17-alpha,tch_1021_schl_L1_20240711-125227_39,class_1021_schl_L1_20240711-125227_39,3e9k-sEXb,1021_schl_L1,,,,,,,,
perf-test17-alpha,tch_1021_schl_L1_20240711-125227_40,class_1021_schl_L1_20240711-125227_40,9wz2-q6Z7,1021_schl_L1,,,,,,,,
perf-test17-alpha,tch_1021_schl_L1_20240711-125227_42,class_1021_schl_L1_20240711-125227_42,746t-2Xxj,1021_schl_L1,,,,,,,,
perf-test17-alpha,tch_1021_schl_L1_20240711-125227_41,class_1021_schl_L1_20240711-125227_41,rPu7-wyWv,1021_schl_L1,,,,,,,,
perf-test17-alpha,tch_1021_schl_L1_20240711-125227_44,class_1021_schl_L1_20240711-125227_44,ABtB-oXoy,1021_schl_L1,,,,,,,,
perf-test17-alpha,tch_1021_schl_L1_20240711-125227_43,class_1021_schl_L1_20240711-125227_43,ghv8-2G7w,1021_schl_L1,,,,,,,,
perf-test17-alpha,tch_1021_schl_L1_20240711-125227_45,class_1021_schl_L1_20240711-125227_45,qYJn-aDK7,1021_schl_L1,,,,,,,,
perf-test17-alpha,tch_1021_schl_L1_20240711-125227_47,class_1021_schl_L1_20240711-125227_47,RwGV-ePGQ,1021_schl_L1,,,,,,,,
perf-test17-alpha,tch_1021_schl_L1_20240711-125227_46,class_1021_schl_L1_20240711-125227_46,B23s-P73h,1021_schl_L1,,,,,,,,
perf-test17-alpha,tch_1021_schl_L1_20240711-125227_48,class_1021_schl_L1_20240711-125227_48,HG8N-YmB7,1021_schl_L1,,,,,,,,
perf-test17-alpha,tch_1021_schl_L1_20240711-125227_49,class_1021_schl_L1_20240711-125227_49,89qZ-zWdx,1021_schl_L1,,,,,,,,
perf-test17-alpha,tch_1021_schl_L1_20240711-125227_50,class_1021_schl_L1_20240711-125227_50,6C94-9CwM,1021_schl_L1,,,,,,,,
perf-test17-alpha,tch_1021_schl_L1_20240711-125227_52,class_1021_schl_L1_20240711-125227_52,3N3v-YgHJ,1021_schl_L1,,,,,,,,
perf-test17-alpha,tch_1021_schl_L1_20240711-125227_51,class_1021_schl_L1_20240711-125227_51,o7j3-RyPm,1021_schl_L1,,,,,,,,
perf-test17-alpha,tch_1021_schl_L1_20240711-125227_53,class_1021_schl_L1_20240711-125227_53,Z4C6-h9sN,1021_schl_L1,,,,,,,,
perf-test17-alpha,tch_1021_schl_L1_20240711-125227_54,class_1021_schl_L1_20240711-125227_54,8jx9-2Cqt,1021_schl_L1,,,,,,,,
perf-test17-alpha,tch_1021_schl_L1_20240711-125227_55,class_1021_schl_L1_20240711-125227_55,XqZz-WT87,1021_schl_L1,,,,,,,,
perf-test17-alpha,tch_1021_schl_L1_20240711-125227_56,class_1021_schl_L1_20240711-125227_56,9v9B-eXqv,1021_schl_L1,,,,,,,,
perf-test17-alpha,tch_1021_schl_L1_20240711-125227_57,class_1021_schl_L1_20240711-125227_57,7K9L-JZuK,1021_schl_L1,,,,,,,,
perf-test17-alpha,tch_1021_schl_L1_20240711-125227_58,class_1021_schl_L1_20240711-125227_58,N2jJ-arAu,1021_schl_L1,,,,,,,,
perf-test17-alpha,tch_1021_schl_L1_20240711-125227_60,class_1021_schl_L1_20240711-125227_60,qh23-uBsC,1021_schl_L1,,,,,,,,
perf-test17-alpha,tch_1021_schl_L1_20240711-125227_59,class_1021_schl_L1_20240711-125227_59,Caoy-39ei,1021_schl_L1,,,,,,,,
perf-test17-alpha,tch_1021_schl_L1_20240711-125227_61,class_1021_schl_L1_20240711-125227_61,7r32-i4xU,1021_schl_L1,,,,,,,,
perf-test17-alpha,tch_1021_schl_L1_20240711-125227_62,class_1021_schl_L1_20240711-125227_62,Q2u3-86bk,1021_schl_L1,,,,,,,,
perf-test17-alpha,tch_1021_schl_L1_20240711-125227_63,class_1021_schl_L1_20240711-125227_63,47hT-ZLN6,1021_schl_L1,,,,,,,,
perf-test17-alpha,tch_1021_schl_L1_20240711-125227_64,class_1021_schl_L1_20240711-125227_64,8Mf9-eNHU,1021_schl_L1,,,,,,,,
perf-test17-alpha,tch_1021_schl_L1_20240711-125227_65,class_1021_schl_L1_20240711-125227_65,hsVt-o9LV,1021_schl_L1,,,,,,,,
perf-test17-alpha,tch_1021_schl_L1_20240711-125227_67,class_1021_schl_L1_20240711-125227_67,F6vB-zBef,1021_schl_L1,,,,,,,,
perf-test17-alpha,tch_1021_schl_L1_20240711-125227_66,class_1021_schl_L1_20240711-125227_66,JEj4-UHGu,1021_schl_L1,,,,,,,,
perf-test17-alpha,tch_1021_schl_L1_20240711-125227_68,class_1021_schl_L1_20240711-125227_68,tg8r-67T6,1021_schl_L1,,,,,,,,
perf-test17-alpha,tch_1021_schl_L1_20240711-125227_69,class_1021_schl_L1_20240711-125227_69,nFA2-swyD,1021_schl_L1,,,,,,,,
perf-test17-alpha,tch_1021_schl_L1_20240711-125227_70,class_1021_schl_L1_20240711-125227_70,27TY-8383,1021_schl_L1,,,,,,,,
perf-test17-alpha,tch_1021_schl_L1_20240711-125227_71,class_1021_schl_L1_20240711-125227_71,mY37-PGtq,1021_schl_L1,,,,,,,,
perf-test17-alpha,tch_1021_schl_L1_20240711-125227_72,class_1021_schl_L1_20240711-125227_72,2kcJ-3uDJ,1021_schl_L1,,,,,,,,
perf-test17-alpha,tch_1021_schl_L1_20240711-125227_73,class_1021_schl_L1_20240711-125227_73,FD8W-UHyH,1021_schl_L1,,,,,,,,
perf-test17-alpha,tch_1021_schl_L1_20240711-125227_74,class_1021_schl_L1_20240711-125227_74,foMt-9i9A,1021_schl_L1,,,,,,,,
perf-test17-alpha,tch_1021_schl_L1_20240711-125227_75,class_1021_schl_L1_20240711-125227_75,93uW-KcED,1021_schl_L1,,,,,,,,
perf-test17-alpha,tch_1021_schl_L1_20240711-125227_76,class_1021_schl_L1_20240711-125227_76,WrW2-Tw6v,1021_schl_L1,,,,,,,,
perf-test17-alpha,tch_1021_schl_L1_20240711-125227_78,class_1021_schl_L1_20240711-125227_78,HDQC-48ht,1021_schl_L1,,,,,,,,
perf-test17-alpha,tch_1021_schl_L1_20240711-125227_77,class_1021_schl_L1_20240711-125227_77,M7eB-42PB,1021_schl_L1,,,,,,,,
perf-test17-alpha,tch_1021_schl_L1_20240711-125227_79,class_1021_schl_L1_20240711-125227_79,6hPV-Qvb9,1021_schl_L1,,,,,,,,
perf-test17-alpha,tch_1021_schl_L1_20240711-125227_80,class_1021_schl_L1_20240711-125227_80,De2q-k4YT,1021_schl_L1,,,,,,,,
perf-test17-alpha,tch_1021_schl_L1_20240711-125227_81,class_1021_schl_L1_20240711-125227_81,Bck9-Chr4,1021_schl_L1,,,,,,,,
perf-test17-alpha,tch_1021_schl_L1_20240711-125227_82,class_1021_schl_L1_20240711-125227_82,nqQX-7V9v,1021_schl_L1,,,,,,,,
perf-test17-alpha,tch_1021_schl_L1_20240711-125227_83,class_1021_schl_L1_20240711-125227_83,z7M3-jQ2N,1021_schl_L1,,,,,,,,
perf-test17-alpha,tch_1021_schl_L1_20240711-125227_84,class_1021_schl_L1_20240711-125227_84,7Vhs-gzUV,1021_schl_L1,,,,,,,,
perf-test17-alpha,tch_1021_schl_L1_20240711-125227_85,class_1021_schl_L1_20240711-125227_85,MCfn-irZx,1021_schl_L1,,,,,,,,
perf-test17-alpha,tch_1021_schl_L1_20240711-125227_86,class_1021_schl_L1_20240711-125227_86,VjCx-W9z4,1021_schl_L1,,,,,,,,
perf-test17-alpha,tch_1021_schl_L1_20240711-125227_87,class_1021_schl_L1_20240711-125227_87,byr3-4XQU,1021_schl_L1,,,,,,,,
perf-test17-alpha,tch_1021_schl_L1_20240711-125227_89,class_1021_schl_L1_20240711-125227_89,84Y7-BfHk,1021_schl_L1,,,,,,,,
perf-test17-alpha,tch_1021_schl_L1_20240711-125227_88,class_1021_schl_L1_20240711-125227_88,MUoc-9E4G,1021_schl_L1,,,,,,,,
perf-test17-alpha,tch_1021_schl_L1_20240711-125227_90,class_1021_schl_L1_20240711-125227_90,Xegh-PrY2,1021_schl_L1,,,,,,,,
perf-test17-alpha,tch_1021_schl_L1_20240711-125227_91,class_1021_schl_L1_20240711-125227_91,BXrG-ByK7,1021_schl_L1,,,,,,,,
perf-test17-alpha,tch_1021_schl_L1_20240711-125227_92,class_1021_schl_L1_20240711-125227_92,86gr-96QX,1021_schl_L1,,,,,,,,
perf-test17-alpha,tch_1021_schl_L1_20240711-125227_93,class_1021_schl_L1_20240711-125227_93,vxf4-bT6Y,1021_schl_L1,,,,,,,,
perf-test17-alpha,tch_1021_schl_L1_20240711-125227_94,class_1021_schl_L1_20240711-125227_94,23Xb-L2W3,1021_schl_L1,,,,,,,,
perf-test17-alpha,tch_1021_schl_L1_20240711-125227_95,class_1021_schl_L1_20240711-125227_95,72j2-9pu6,1021_schl_L1,,,,,,,,
perf-test17-alpha,tch_1021_schl_L1_20240711-125227_96,class_1021_schl_L1_20240711-125227_96,zeJc-oYRZ,1021_schl_L1,,,,,,,,
perf-test17-alpha,tch_1021_schl_L1_20240711-125227_98,class_1021_schl_L1_20240711-125227_98,egDb-x2pa,1021_schl_L1,,,,,,,,
perf-test17-alpha,tch_1021_schl_L1_20240711-125227_97,class_1021_schl_L1_20240711-125227_97,wbab-6eTh,1021_schl_L1,,,,,,,,
perf-test17-alpha,tch_1021_schl_L1_20240711-125227_99,class_1021_schl_L1_20240711-125227_99,efVC-46kq,1021_schl_L1,,,,,,,,
perf-test17-alpha,tch_1021_schl_L1_20240711-125227_100,class_1021_schl_L1_20240711-125227_100,TMWz-Fvr6,1021_schl_L1,,,,,,,,
perf-test17-alpha,tch_1021_schl_M5_20240711-125227_471,class_1021_schl_M5_20240711-125227_471,jCoh-9f6Z,1021_schl_M5,,,,,,,,
perf-test17-alpha,tch_1021_schl_M5_20240711-125227_472,class_1021_schl_M5_20240711-125227_472,g9vF-jX3z,1021_schl_M5,,,,,,,,
perf-test17-alpha,tch_1021_schl_M5_20240711-125227_473,class_1021_schl_M5_20240711-125227_473,tZmY-AQ69,1021_schl_M5,,,,,,,,
perf-test17-alpha,tch_1021_schl_M5_20240711-125227_474,class_1021_schl_M5_20240711-125227_474,By23-CFT3,1021_schl_M5,,,,,,,,
perf-test17-alpha,tch_1021_schl_M5_20240711-125227_475,class_1021_schl_M5_20240711-125227_475,dYQR-LQbZ,1021_schl_M5,,,,,,,,
perf-test17-alpha,tch_1021_schl_L1_20240711-171457_1,class_1021_schl_L1_20240711-171457_1,4pia-LU6Q,1021_schl_L1,,,,,,,,
perf-test17-alpha,tch_1021_schl_L1_20240711-171457_2,class_1021_schl_L1_20240711-171457_2,rNDW-6K48,1021_schl_L1,,,,,,,,
perf-test17-alpha,tch_1021_schl_L1_20240711-171457_3,class_1021_schl_L1_20240711-171457_3,u3w2-eM37,1021_schl_L1,,,,,,,,
perf-test17-alpha,tch_1021_schl_L1_20240711-171457_4,class_1021_schl_L1_20240711-171457_4,ak82-yYik,1021_schl_L1,,,,,,,,
perf-test17-alpha,tch_1021_schl_L1_20240711-171457_5,class_1021_schl_L1_20240711-171457_5,7a72-NgFX,1021_schl_L1,,,,,,,,
perf-test17-alpha,tch_1021_schl_L1_20240711-171457_6,class_1021_schl_L1_20240711-171457_6,REWk-9Qyr,1021_schl_L1,,,,,,,,
perf-test17-alpha,tch_1021_schl_L1_20240711-171457_7,class_1021_schl_L1_20240711-171457_7,WZgM-8k4Q,1021_schl_L1,,,,,,,,
perf-test17-alpha,tch_1021_schl_L1_20240711-171457_8,class_1021_schl_L1_20240711-171457_8,29CD-C2XP,1021_schl_L1,,,,,,,,
perf-test17-alpha,tch_1021_schl_L1_20240711-171457_9,class_1021_schl_L1_20240711-171457_9,yUjp-zxFB,1021_schl_L1,,,,,,,,
perf-test17-alpha,tch_1021_schl_L1_20240711-171457_11,class_1021_schl_L1_20240711-171457_11,gzqc-L2Yp,1021_schl_L1,,,,,,,,
perf-test17-alpha,tch_1021_schl_L1_20240711-171457_10,class_1021_schl_L1_20240711-171457_10,ZK8M-Dene,1021_schl_L1,,,,,,,,
perf-test17-alpha,tch_1021_schl_L1_20240711-171457_12,class_1021_schl_L1_20240711-171457_12,NJyr-XbHC,1021_schl_L1,,,,,,,,
perf-test17-alpha,tch_1021_schl_L1_20240711-171457_13,class_1021_schl_L1_20240711-171457_13,967F-26Vy,1021_schl_L1,,,,,,,,
perf-test17-alpha,tch_1021_schl_L1_20240711-171457_14,class_1021_schl_L1_20240711-171457_14,34e9-KpcN,1021_schl_L1,,,,,,,,
perf-test17-alpha,tch_1021_schl_L1_20240711-171457_15,class_1021_schl_L1_20240711-171457_15,Xxz7-Fqx7,1021_schl_L1,,,,,,,,
perf-test17-alpha,tch_1021_schl_L1_20240711-171457_16,class_1021_schl_L1_20240711-171457_16,8jJU-Q72r,1021_schl_L1,,,,,,,,
perf-test17-alpha,tch_1021_schl_L1_20240711-171457_17,class_1021_schl_L1_20240711-171457_17,K4Ej-2J87,1021_schl_L1,,,,,,,,
perf-test17-alpha,tch_1021_schl_L1_20240711-171457_18,class_1021_schl_L1_20240711-171457_18,463K-YVtQ,1021_schl_L1,,,,,,,,
perf-test17-alpha,tch_1021_schl_L1_20240711-171457_19,class_1021_schl_L1_20240711-171457_19,eoEX-Di2R,1021_schl_L1,,,,,,,,
perf-test17-alpha,tch_1021_schl_L1_20240711-171457_20,class_1021_schl_L1_20240711-171457_20,4m7X-3G3e,1021_schl_L1,,,,,,,,
perf-test17-alpha,tch_1021_schl_L1_20240711-171457_21,class_1021_schl_L1_20240711-171457_21,7nBe-svhp,1021_schl_L1,,,,,,,,
perf-test17-alpha,tch_1021_schl_L1_20240711-171457_22,class_1021_schl_L1_20240711-171457_22,D9BZ-i279,1021_schl_L1,,,,,,,,
perf-test17-alpha,tch_1021_schl_L1_20240711-171457_23,class_1021_schl_L1_20240711-171457_23,D4tB-gNKN,1021_schl_L1,,,,,,,,
perf-test17-alpha,tch_1021_schl_L1_20240711-171457_24,class_1021_schl_L1_20240711-171457_24,7y6t-24BQ,1021_schl_L1,,,,,,,,
perf-test17-alpha,tch_1021_schl_L1_20240711-171457_25,class_1021_schl_L1_20240711-171457_25,VdND-GiAR,1021_schl_L1,,,,,,,,
perf-test17-alpha,tch_1021_schl_L1_20240711-171457_26,class_1021_schl_L1_20240711-171457_26,d3By-gWRV,1021_schl_L1,,,,,,,,
perf-test17-alpha,tch_1021_schl_L1_20240711-171457_27,class_1021_schl_L1_20240711-171457_27,2LJ7-W4CF,1021_schl_L1,,,,,,,,
perf-test17-alpha,tch_1021_schl_L1_20240711-171457_28,class_1021_schl_L1_20240711-171457_28,3JAP-8f8c,1021_schl_L1,,,,,,,,
perf-test17-alpha,tch_1021_schl_L1_20240711-171457_29,class_1021_schl_L1_20240711-171457_29,k8sd-yb7H,1021_schl_L1,,,,,,,,
perf-test17-alpha,tch_1021_schl_L1_20240711-171457_30,class_1021_schl_L1_20240711-171457_30,E9qF-jX8Y,1021_schl_L1,,,,,,,,
perf-test17-alpha,tch_1021_schl_L1_20240711-171457_31,class_1021_schl_L1_20240711-171457_31,MsAU-b7Ke,1021_schl_L1,,,,,,,,
perf-test17-alpha,tch_1021_schl_L1_20240711-171457_32,class_1021_schl_L1_20240711-171457_32,xfBD-k4o9,1021_schl_L1,,,,,,,,
perf-test17-alpha,tch_1021_schl_L1_20240711-171457_33,class_1021_schl_L1_20240711-171457_33,7ztN-9hjG,1021_schl_L1,,,,,,,,
perf-test17-alpha,tch_1021_schl_L1_20240711-171457_34,class_1021_schl_L1_20240711-171457_34,Ksx6-9n94,1021_schl_L1,,,,,,,,
perf-test17-alpha,tch_1021_schl_L1_20240711-171457_35,class_1021_schl_L1_20240711-171457_35,8EC9-g7YV,1021_schl_L1,,,,,,,,
perf-test17-alpha,tch_1021_schl_L1_20240711-171457_36,class_1021_schl_L1_20240711-171457_36,z9qg-mUxL,1021_schl_L1,,,,,,,,
perf-test17-alpha,tch_1021_schl_L1_20240711-171457_37,class_1021_schl_L1_20240711-171457_37,xfP9-vGy4,1021_schl_L1,,,,,,,,
perf-test17-alpha,tch_1021_schl_L1_20240711-171457_38,class_1021_schl_L1_20240711-171457_38,CN7F-3dak,1021_schl_L1,,,,,,,,
perf-test17-alpha,tch_1021_schl_L1_20240711-171457_39,class_1021_schl_L1_20240711-171457_39,GnWB-iKVA,1021_schl_L1,,,,,,,,
perf-test17-alpha,tch_1021_schl_L1_20240711-171457_40,class_1021_schl_L1_20240711-171457_40,i49T-9XV8,1021_schl_L1,,,,,,,,
perf-test17-alpha,tch_1021_schl_L1_20240711-171457_41,class_1021_schl_L1_20240711-171457_41,2G6U-mEKc,1021_schl_L1,,,,,,,,
perf-test17-alpha,tch_1021_schl_L1_20240711-171457_42,class_1021_schl_L1_20240711-171457_42,Bmp8-CNW2,1021_schl_L1,,,,,,,,
perf-test17-alpha,tch_1021_schl_L1_20240711-171457_43,class_1021_schl_L1_20240711-171457_43,zCv2-Uv7R,1021_schl_L1,,,,,,,,
perf-test17-alpha,tch_1021_schl_L1_20240711-171457_45,class_1021_schl_L1_20240711-171457_45,nhHy-Wieu,1021_schl_L1,,,,,,,,
perf-test17-alpha,tch_1021_schl_L1_20240711-171457_44,class_1021_schl_L1_20240711-171457_44,YQX3-n4zM,1021_schl_L1,,,,,,,,
perf-test17-alpha,tch_1021_schl_L1_20240711-171457_46,class_1021_schl_L1_20240711-171457_46,Em3p-3Epa,1021_schl_L1,,,,,,,,
perf-test17-alpha,tch_1021_schl_L1_20240711-171457_47,class_1021_schl_L1_20240711-171457_47,gKa4-T7Ha,1021_schl_L1,,,,,,,,
perf-test17-alpha,tch_1021_schl_L1_20240711-171457_48,class_1021_schl_L1_20240711-171457_48,rLKB-3EpL,1021_schl_L1,,,,,,,,
perf-test17-alpha,tch_1021_schl_L1_20240711-171457_49,class_1021_schl_L1_20240711-171457_49,2YMx-t62A,1021_schl_L1,,,,,,,,
perf-test17-alpha,tch_1021_schl_L1_20240711-171457_50,class_1021_schl_L1_20240711-171457_50,b7Ga-YwcE,1021_schl_L1,,,,,,,,
perf-test17-alpha,tch_1021_schl_L1_20240711-171457_51,class_1021_schl_L1_20240711-171457_51,dtVc-W7Ws,1021_schl_L1,,,,,,,,
perf-test17-alpha,tch_1021_schl_L1_20240711-171457_52,class_1021_schl_L1_20240711-171457_52,2n8V-sG74,1021_schl_L1,,,,,,,,
perf-test17-alpha,tch_1021_schl_L1_20240711-171457_53,class_1021_schl_L1_20240711-171457_53,93Mi-69YE,1021_schl_L1,,,,,,,,
perf-test17-alpha,tch_1021_schl_L1_20240711-171457_54,class_1021_schl_L1_20240711-171457_54,CRFs-MLD2,1021_schl_L1,,,,,,,,
perf-test17-alpha,tch_1021_schl_L1_20240711-171457_55,class_1021_schl_L1_20240711-171457_55,8Nef-G96u,1021_schl_L1,,,,,,,,
perf-test17-alpha,tch_1021_schl_L1_20240711-171457_57,class_1021_schl_L1_20240711-171457_57,bdTp-8z7E,1021_schl_L1,,,,,,,,
perf-test17-alpha,tch_1021_schl_L1_20240711-171457_56,class_1021_schl_L1_20240711-171457_56,aeuf-76vH,1021_schl_L1,,,,,,,,
perf-test17-alpha,tch_1021_schl_L1_20240711-171457_58,class_1021_schl_L1_20240711-171457_58,8cZ4-37J3,1021_schl_L1,,,,,,,,
perf-test17-alpha,tch_1021_schl_L1_20240711-171457_59,class_1021_schl_L1_20240711-171457_59,k38M-gH8z,1021_schl_L1,,,,,,,,
perf-test17-alpha,tch_1021_schl_L1_20240711-171457_60,class_1021_schl_L1_20240711-171457_60,CJ42-mb67,1021_schl_L1,,,,,,,,
perf-test17-alpha,tch_1021_schl_L1_20240711-171457_61,class_1021_schl_L1_20240711-171457_61,49dj-At9W,1021_schl_L1,,,,,,,,
perf-test17-alpha,tch_1021_schl_L1_20240711-171457_62,class_1021_schl_L1_20240711-171457_62,VL68-6rGd,1021_schl_L1,,,,,,,,
perf-test17-alpha,tch_1021_schl_L1_20240711-171457_63,class_1021_schl_L1_20240711-171457_63,wP2j-NGr6,1021_schl_L1,,,,,,,,
perf-test17-alpha,tch_1021_schl_L1_20240711-171457_64,class_1021_schl_L1_20240711-171457_64,VAf3-a34q,1021_schl_L1,,,,,,,,
perf-test17-alpha,tch_1021_schl_L1_20240711-171457_65,class_1021_schl_L1_20240711-171457_65,37B6-QjyR,1021_schl_L1,,,,,,,,
perf-test17-alpha,tch_1021_schl_L1_20240711-171457_66,class_1021_schl_L1_20240711-171457_66,XhB4-bvTn,1021_schl_L1,,,,,,,,
perf-test17-alpha,tch_1021_schl_L1_20240711-171457_67,class_1021_schl_L1_20240711-171457_67,u894-8tko,1021_schl_L1,,,,,,,,
perf-test17-alpha,tch_1021_schl_L1_20240711-171457_68,class_1021_schl_L1_20240711-171457_68,g4Le-rPnp,1021_schl_L1,,,,,,,,
perf-test17-alpha,tch_1021_schl_L1_20240711-171457_69,class_1021_schl_L1_20240711-171457_69,aPGe-BAH6,1021_schl_L1,,,,,,,,
perf-test17-alpha,tch_1021_schl_L1_20240711-171457_70,class_1021_schl_L1_20240711-171457_70,GNF2-8PyG,1021_schl_L1,,,,,,,,
perf-test17-alpha,tch_1021_schl_L1_20240711-171457_71,class_1021_schl_L1_20240711-171457_71,894V-en6F,1021_schl_L1,,,,,,,,
perf-test17-alpha,tch_1021_schl_L1_20240711-171457_72,class_1021_schl_L1_20240711-171457_72,jV6T-6fDF,1021_schl_L1,,,,,,,,
perf-test17-alpha,tch_1021_schl_L1_20240711-171457_73,class_1021_schl_L1_20240711-171457_73,ogrA-76je,1021_schl_L1,,,,,,,,
perf-test17-alpha,tch_1021_schl_L1_20240711-171457_74,class_1021_schl_L1_20240711-171457_74,9rAR-b3Wv,1021_schl_L1,,,,,,,,
perf-test17-alpha,tch_1021_schl_L1_20240711-171457_75,class_1021_schl_L1_20240711-171457_75,n2EN-4U4F,1021_schl_L1,,,,,,,,
perf-test17-alpha,tch_1021_schl_L1_20240711-171457_76,class_1021_schl_L1_20240711-171457_76,28qB-vRh8,1021_schl_L1,,,,,,,,
perf-test17-alpha,tch_1021_schl_L1_20240711-171457_77,class_1021_schl_L1_20240711-171457_77,4x2R-B2c3,1021_schl_L1,,,,,,,,
perf-test17-alpha,tch_1021_schl_L1_20240711-171457_78,class_1021_schl_L1_20240711-171457_78,j8N7-4sh8,1021_schl_L1,,,,,,,,
perf-test17-alpha,tch_1021_schl_L1_20240711-171457_79,class_1021_schl_L1_20240711-171457_79,gFtZ-rURe,1021_schl_L1,,,,,,,,
perf-test17-alpha,tch_1021_schl_L1_20240711-171457_80,class_1021_schl_L1_20240711-171457_80,i2V4-QLpV,1021_schl_L1,,,,,,,,
perf-test17-alpha,tch_1021_schl_L1_20240711-171457_81,class_1021_schl_L1_20240711-171457_81,7Q8f-2oVF,1021_schl_L1,,,,,,,,
perf-test17-alpha,tch_1021_schl_L1_20240711-171457_82,class_1021_schl_L1_20240711-171457_82,KVRG-v2Wx,1021_schl_L1,,,,,,,,
perf-test17-alpha,tch_1021_schl_L1_20240711-171457_83,class_1021_schl_L1_20240711-171457_83,Qn8V-vLRe,1021_schl_L1,,,,,,,,
perf-test17-alpha,tch_1021_schl_L1_20240711-171457_84,class_1021_schl_L1_20240711-171457_84,Ja9T-9b8c,1021_schl_L1,,,,,,,,
perf-test17-alpha,tch_1021_schl_L1_20240711-171457_86,class_1021_schl_L1_20240711-171457_86,27Rs-2Net,1021_schl_L1,,,,,,,,
perf-test17-alpha,tch_1021_schl_L1_20240711-171457_85,class_1021_schl_L1_20240711-171457_85,tq3H-EWXg,1021_schl_L1,,,,,,,,
perf-test17-alpha,tch_1021_schl_L1_20240711-171457_87,class_1021_schl_L1_20240711-171457_87,968b-LVkC,1021_schl_L1,,,,,,,,
perf-test17-alpha,tch_1021_schl_L1_20240711-171457_88,class_1021_schl_L1_20240711-171457_88,97Yz-eW7i,1021_schl_L1,,,,,,,,
perf-test17-alpha,tch_1021_schl_L1_20240711-171457_89,class_1021_schl_L1_20240711-171457_89,c6tD-7J6k,1021_schl_L1,,,,,,,,
perf-test17-alpha,tch_1021_schl_L1_20240711-171457_90,class_1021_schl_L1_20240711-171457_90,Xse8-Cm6w,1021_schl_L1,,,,,,,,
perf-test17-alpha,tch_1021_schl_L1_20240711-171457_91,class_1021_schl_L1_20240711-171457_91,WMcp-qV8m,1021_schl_L1,,,,,,,,
perf-test17-alpha,tch_1021_schl_L1_20240711-171457_92,class_1021_schl_L1_20240711-171457_92,KW6W-FJuB,1021_schl_L1,,,,,,,,
perf-test17-alpha,tch_1021_schl_L1_20240711-171457_93,class_1021_schl_L1_20240711-171457_93,Ds4f-Ljk8,1021_schl_L1,,,,,,,,
perf-test17-alpha,tch_1021_schl_L1_20240711-171457_94,class_1021_schl_L1_20240711-171457_94,iVK8-7DfU,1021_schl_L1,,,,,,,,
perf-test17-alpha,tch_1021_schl_L1_20240711-171457_95,class_1021_schl_L1_20240711-171457_95,iR3D-E87K,1021_schl_L1,,,,,,,,
perf-test17-alpha,tch_1021_schl_L1_20240711-171457_96,class_1021_schl_L1_20240711-171457_96,vX9a-p32y,1021_schl_L1,,,,,,,,
perf-test17-alpha,tch_1021_schl_L1_20240711-171457_97,class_1021_schl_L1_20240711-171457_97,7xhy-9AYU,1021_schl_L1,,,,,,,,
perf-test17-alpha,tch_1021_schl_L1_20240711-171457_98,class_1021_schl_L1_20240711-171457_98,678m-7TLc,1021_schl_L1,,,,,,,,
perf-test17-alpha,tch_1021_schl_L1_20240711-171457_99,class_1021_schl_L1_20240711-171457_99,wM6z-8sU7,1021_schl_L1,,,,,,,,
perf-test17-alpha,tch_1021_schl_L1_20240711-171457_100,class_1021_schl_L1_20240711-171457_100,quK4-xd7K,1021_schl_L1,,,,,,,,
perf-test17-alpha,tch_1021_schl_M5_20240711-171457_471,class_1021_schl_M5_20240711-171457_471,42FZ-7o98,1021_schl_M5,,,,,,,,
perf-test17-alpha,tch_1021_schl_M5_20240711-171457_472,class_1021_schl_M5_20240711-171457_472,wYe8-MQeg,1021_schl_M5,,,,,,,,
perf-test17-alpha,tch_1021_schl_M5_20240711-171457_473,class_1021_schl_M5_20240711-171457_473,gCD7-FUx9,1021_schl_M5,,,,,,,,
perf-test17-alpha,tch_1021_schl_M5_20240711-171457_474,class_1021_schl_M5_20240711-171457_474,MNrz-uY8U,1021_schl_M5,,,,,,,,
perf-test17-alpha,tch_1021_schl_M5_20240711-171457_475,class_1021_schl_M5_20240711-171457_475,4739-WjUd,1021_schl_M5,,,,,,,,
perf-test17-alpha,tch_1021_schl_L1_20240712-110804_2,class_1021_schl_L1_20240712-110804_2,AkN7-tqAc,1021_schl_L1,,,,,,,,
perf-test17-alpha,tch_1021_schl_L1_20240712-110804_1,class_1021_schl_L1_20240712-110804_1,tv34-7eV8,1021_schl_L1,,,,,,,,
perf-test17-alpha,tch_1021_schl_L1_20240712-110804_3,class_1021_schl_L1_20240712-110804_3,PJQM-Fy2q,1021_schl_L1,,,,,,,,
perf-test17-alpha,tch_1021_schl_L1_20240712-110804_4,class_1021_schl_L1_20240712-110804_4,783j-6ugi,1021_schl_L1,,,,,,,,
perf-test17-alpha,tch_1021_schl_L1_20240712-110804_5,class_1021_schl_L1_20240712-110804_5,e36w-EYk8,1021_schl_L1,,,,,,,,
perf-test17-alpha,tch_1021_schl_L1_20240712-110804_6,class_1021_schl_L1_20240712-110804_6,MLQG-ne2M,1021_schl_L1,,,,,,,,
perf-test17-alpha,tch_1021_schl_L1_20240712-110804_7,class_1021_schl_L1_20240712-110804_7,r84t-2yWZ,1021_schl_L1,,,,,,,,
perf-test17-alpha,tch_1021_schl_L1_20240712-110804_8,class_1021_schl_L1_20240712-110804_8,D2Xv-7BXY,1021_schl_L1,,,,,,,,
perf-test17-alpha,tch_1021_schl_L1_20240712-110804_9,class_1021_schl_L1_20240712-110804_9,2k3w-h93d,1021_schl_L1,,,,,,,,
perf-test17-alpha,tch_1021_schl_L1_20240712-110804_11,class_1021_schl_L1_20240712-110804_11,EwUd-ED7X,1021_schl_L1,,,,,,,,
perf-test17-alpha,tch_1021_schl_L1_20240712-110804_10,class_1021_schl_L1_20240712-110804_10,7YWf-Gscx,1021_schl_L1,,,,,,,,
perf-test17-alpha,tch_1021_schl_L1_20240712-110804_12,class_1021_schl_L1_20240712-110804_12,8W9b-A3od,1021_schl_L1,,,,,,,,
perf-test17-alpha,tch_1021_schl_L1_20240712-110804_13,class_1021_schl_L1_20240712-110804_13,9cQZ-8puN,1021_schl_L1,,,,,,,,
perf-test17-alpha,tch_1021_schl_L1_20240712-110804_14,class_1021_schl_L1_20240712-110804_14,7Nhr-4Q2B,1021_schl_L1,,,,,,,,
perf-test17-alpha,tch_1021_schl_L1_20240712-110804_15,class_1021_schl_L1_20240712-110804_15,kN2b-odmH,1021_schl_L1,,,,,,,,
perf-test17-alpha,tch_1021_schl_L1_20240712-110804_16,class_1021_schl_L1_20240712-110804_16,3zMC-KvBF,1021_schl_L1,,,,,,,,
perf-test17-alpha,tch_1021_schl_L1_20240712-110804_17,class_1021_schl_L1_20240712-110804_17,mEqH-XU92,1021_schl_L1,,,,,,,,
perf-test17-alpha,tch_1021_schl_L1_20240712-110804_18,class_1021_schl_L1_20240712-110804_18,dr2M-y2g2,1021_schl_L1,,,,,,,,
perf-test17-alpha,tch_1021_schl_L1_20240712-110804_19,class_1021_schl_L1_20240712-110804_19,3EWm-fz29,1021_schl_L1,,,,,,,,
perf-test17-alpha,tch_1021_schl_L1_20240712-110804_20,class_1021_schl_L1_20240712-110804_20,gA83-8ztj,1021_schl_L1,,,,,,,,
perf-test17-alpha,tch_1021_schl_L1_20240712-110804_21,class_1021_schl_L1_20240712-110804_21,C9K8-rKuT,1021_schl_L1,,,,,,,,
perf-test17-alpha,tch_1021_schl_L1_20240712-110804_22,class_1021_schl_L1_20240712-110804_22,MC9Y-R6jm,1021_schl_L1,,,,,,,,
perf-test17-alpha,tch_1021_schl_L1_20240712-110804_23,class_1021_schl_L1_20240712-110804_23,EaoD-FGhu,1021_schl_L1,,,,,,,,
perf-test17-alpha,tch_1021_schl_L1_20240712-110804_24,class_1021_schl_L1_20240712-110804_24,93XA-TB23,1021_schl_L1,,,,,,,,
perf-test17-alpha,tch_1021_schl_L1_20240712-110804_25,class_1021_schl_L1_20240712-110804_25,9Jyv-GQP9,1021_schl_L1,,,,,,,,
perf-test17-alpha,tch_1021_schl_L1_20240712-110804_26,class_1021_schl_L1_20240712-110804_26,rpt8-W9Tm,1021_schl_L1,,,,,,,,
perf-test17-alpha,tch_1021_schl_L1_20240712-110804_27,class_1021_schl_L1_20240712-110804_27,wUAd-J36w,1021_schl_L1,,,,,,,,
perf-test17-alpha,tch_1021_schl_L1_20240712-110804_28,class_1021_schl_L1_20240712-110804_28,ewHq-Mzvu,1021_schl_L1,,,,,,,,
perf-test17-alpha,tch_1021_schl_L1_20240712-110804_29,class_1021_schl_L1_20240712-110804_29,xLb9-o6a9,1021_schl_L1,,,,,,,,
perf-test17-alpha,tch_1021_schl_L1_20240712-110804_30,class_1021_schl_L1_20240712-110804_30,UR2Z-7ZBu,1021_schl_L1,,,,,,,,
perf-test17-alpha,tch_1021_schl_L1_20240712-110804_31,class_1021_schl_L1_20240712-110804_31,LY8b-Pd6p,1021_schl_L1,,,,,,,,
perf-test17-alpha,tch_1021_schl_L1_20240712-110804_32,class_1021_schl_L1_20240712-110804_32,wXFZ-T7G3,1021_schl_L1,,,,,,,,
perf-test17-alpha,tch_1021_schl_L1_20240712-110804_33,class_1021_schl_L1_20240712-110804_33,N3Ef-9Xve,1021_schl_L1,,,,,,,,
perf-test17-alpha,tch_1021_schl_L1_20240712-110804_34,class_1021_schl_L1_20240712-110804_34,tu2Z-PZD6,1021_schl_L1,,,,,,,,
perf-test17-alpha,tch_1021_schl_L1_20240712-110804_35,class_1021_schl_L1_20240712-110804_35,nUKi-FQYZ,1021_schl_L1,,,,,,,,
perf-test17-alpha,tch_1021_schl_L1_20240712-110804_37,class_1021_schl_L1_20240712-110804_37,yjPC-t83G,1021_schl_L1,,,,,,,,
perf-test17-alpha,tch_1021_schl_L1_20240712-110804_36,class_1021_schl_L1_20240712-110804_36,2pkR-N2E6,1021_schl_L1,,,,,,,,
perf-test17-alpha,tch_1021_schl_L1_20240712-110804_38,class_1021_schl_L1_20240712-110804_38,CbU2-4TsB,1021_schl_L1,,,,,,,,
perf-test17-alpha,tch_1021_schl_L1_20240712-110804_39,class_1021_schl_L1_20240712-110804_39,mxHV-G2Xz,1021_schl_L1,,,,,,,,
perf-test17-alpha,tch_1021_schl_L1_20240712-110804_40,class_1021_schl_L1_20240712-110804_40,mNCE-V6L3,1021_schl_L1,,,,,,,,
perf-test17-alpha,tch_1021_schl_L1_20240712-110804_41,class_1021_schl_L1_20240712-110804_41,z3v2-xCNo,1021_schl_L1,,,,,,,,
perf-test17-alpha,tch_1021_schl_L1_20240712-110804_42,class_1021_schl_L1_20240712-110804_42,rq7t-gjv3,1021_schl_L1,,,,,,,,
perf-test17-alpha,tch_1021_schl_L1_20240712-110804_43,class_1021_schl_L1_20240712-110804_43,cL97-odBo,1021_schl_L1,,,,,,,,
perf-test17-alpha,tch_1021_schl_L1_20240712-110804_44,class_1021_schl_L1_20240712-110804_44,fJpr-723d,1021_schl_L1,,,,,,,,
perf-test17-alpha,tch_1021_schl_L1_20240712-110804_45,class_1021_schl_L1_20240712-110804_45,UY4V-7Lsj,1021_schl_L1,,,,,,,,
perf-test17-alpha,tch_1021_schl_L1_20240712-110804_46,class_1021_schl_L1_20240712-110804_46,9v8n-B8Ea,1021_schl_L1,,,,,,,,
perf-test17-alpha,tch_1021_schl_L1_20240712-110804_47,class_1021_schl_L1_20240712-110804_47,9s8z-6r6t,1021_schl_L1,,,,,,,,
perf-test17-alpha,tch_1021_schl_L1_20240712-110804_48,class_1021_schl_L1_20240712-110804_48,4ju3-69V7,1021_schl_L1,,,,,,,,
perf-test17-alpha,tch_1021_schl_L1_20240712-110804_49,class_1021_schl_L1_20240712-110804_49,VGnB-WoLe,1021_schl_L1,,,,,,,,
perf-test17-alpha,tch_1021_schl_L1_20240712-110804_50,class_1021_schl_L1_20240712-110804_50,qwYb-2tyU,1021_schl_L1,,,,,,,,
perf-test17-alpha,tch_1021_schl_L1_20240712-110804_51,class_1021_schl_L1_20240712-110804_51,JE6C-8o4s,1021_schl_L1,,,,,,,,
perf-test17-alpha,tch_1021_schl_L1_20240712-110804_52,class_1021_schl_L1_20240712-110804_52,C2Qt-9u47,1021_schl_L1,,,,,,,,
perf-test17-alpha,tch_1021_schl_L1_20240712-110804_53,class_1021_schl_L1_20240712-110804_53,yQj6-oC96,1021_schl_L1,,,,,,,,
perf-test17-alpha,tch_1021_schl_L1_20240712-110804_54,class_1021_schl_L1_20240712-110804_54,9DTo-3Cp7,1021_schl_L1,,,,,,,,
perf-test17-alpha,tch_1021_schl_L1_20240712-110804_55,class_1021_schl_L1_20240712-110804_55,J34m-3Eto,1021_schl_L1,,,,,,,,
perf-test17-alpha,tch_1021_schl_L1_20240712-110804_56,class_1021_schl_L1_20240712-110804_56,8yJF-w7aM,1021_schl_L1,,,,,,,,
perf-test17-alpha,tch_1021_schl_L1_20240712-110804_57,class_1021_schl_L1_20240712-110804_57,Lv63-bGL3,1021_schl_L1,,,,,,,,
perf-test17-alpha,tch_1021_schl_L1_20240712-110804_58,class_1021_schl_L1_20240712-110804_58,zPk7-w9m2,1021_schl_L1,,,,,,,,
perf-test17-alpha,tch_1021_schl_L1_20240712-110804_59,class_1021_schl_L1_20240712-110804_59,g3Bk-73Q9,1021_schl_L1,,,,,,,,
perf-test17-alpha,tch_1021_schl_L1_20240712-110804_61,class_1021_schl_L1_20240712-110804_61,dMjy-3RW4,1021_schl_L1,,,,,,,,
perf-test17-alpha,tch_1021_schl_L1_20240712-110804_60,class_1021_schl_L1_20240712-110804_60,Jo8D-2GHg,1021_schl_L1,,,,,,,,
perf-test17-alpha,tch_1021_schl_L1_20240712-110804_63,class_1021_schl_L1_20240712-110804_63,mEfm-avwH,1021_schl_L1,,,,,,,,
perf-test17-alpha,tch_1021_schl_L1_20240712-110804_62,class_1021_schl_L1_20240712-110804_62,jfsn-ot2Y,1021_schl_L1,,,,,,,,
perf-test17-alpha,tch_1021_schl_L1_20240712-110804_64,class_1021_schl_L1_20240712-110804_64,n64p-Zq2o,1021_schl_L1,,,,,,,,
perf-test17-alpha,tch_1021_schl_L1_20240712-110804_65,class_1021_schl_L1_20240712-110804_65,3G8K-F29y,1021_schl_L1,,,,,,,,
perf-test17-alpha,tch_1021_schl_L1_20240712-110804_67,class_1021_schl_L1_20240712-110804_67,g7W6-pmBG,1021_schl_L1,,,,,,,,
perf-test17-alpha,tch_1021_schl_L1_20240712-110804_66,class_1021_schl_L1_20240712-110804_66,Qg3t-nreG,1021_schl_L1,,,,,,,,
perf-test17-alpha,tch_1021_schl_L1_20240712-110804_68,class_1021_schl_L1_20240712-110804_68,BMGL-V8nq,1021_schl_L1,,,,,,,,
perf-test17-alpha,tch_1021_schl_L1_20240712-110804_69,class_1021_schl_L1_20240712-110804_69,27Jv-Hb8Y,1021_schl_L1,,,,,,,,
perf-test17-alpha,tch_1021_schl_L1_20240712-110804_70,class_1021_schl_L1_20240712-110804_70,k7V4-Fj2q,1021_schl_L1,,,,,,,,
perf-test17-alpha,tch_1021_schl_L1_20240712-110804_71,class_1021_schl_L1_20240712-110804_71,3CXR-LPBx,1021_schl_L1,,,,,,,,
perf-test17-alpha,tch_1021_schl_L1_20240712-110804_72,class_1021_schl_L1_20240712-110804_72,uTdk-Fcxf,1021_schl_L1,,,,,,,,
perf-test17-alpha,tch_1021_schl_L1_20240712-110804_74,class_1021_schl_L1_20240712-110804_74,6MFk-RhE6,1021_schl_L1,,,,,,,,
perf-test17-alpha,tch_1021_schl_L1_20240712-110804_73,class_1021_schl_L1_20240712-110804_73,h67g-jyC2,1021_schl_L1,,,,,,,,
perf-test17-alpha,tch_1021_schl_L1_20240712-110804_75,class_1021_schl_L1_20240712-110804_75,e8Ms-Tgyc,1021_schl_L1,,,,,,,,
perf-test17-alpha,tch_1021_schl_L1_20240712-110804_76,class_1021_schl_L1_20240712-110804_76,K7Yc-96G7,1021_schl_L1,,,,,,,,
perf-test17-alpha,tch_1021_schl_L1_20240712-110804_77,class_1021_schl_L1_20240712-110804_77,2nV3-4HJC,1021_schl_L1,,,,,,,,
perf-test17-alpha,tch_1021_schl_L1_20240712-110804_79,class_1021_schl_L1_20240712-110804_79,6H7w-VUQb,1021_schl_L1,,,,,,,,
perf-test17-alpha,tch_1021_schl_L1_20240712-110804_78,class_1021_schl_L1_20240712-110804_78,AeKQ-6GWo,1021_schl_L1,,,,,,,,
perf-test17-alpha,tch_1021_schl_L1_20240712-110804_80,class_1021_schl_L1_20240712-110804_80,6UBe-kdKJ,1021_schl_L1,,,,,,,,
perf-test17-alpha,tch_1021_schl_L1_20240712-110804_81,class_1021_schl_L1_20240712-110804_81,Xzro-2kik,1021_schl_L1,,,,,,,,
perf-test17-alpha,tch_1021_schl_L1_20240712-110804_82,class_1021_schl_L1_20240712-110804_82,8nHX-f48r,1021_schl_L1,,,,,,,,
perf-test17-alpha,tch_1021_schl_L1_20240712-110804_83,class_1021_schl_L1_20240712-110804_83,6Q49-JtGt,1021_schl_L1,,,,,,,,
perf-test17-alpha,tch_1021_schl_L1_20240712-110804_84,class_1021_schl_L1_20240712-110804_84,WXt9-uLpW,1021_schl_L1,,,,,,,,
perf-test17-alpha,tch_1021_schl_L1_20240712-110804_85,class_1021_schl_L1_20240712-110804_85,7Y3A-oMN7,1021_schl_L1,,,,,,,,
perf-test17-alpha,tch_1021_schl_L1_20240712-110804_86,class_1021_schl_L1_20240712-110804_86,EKR3-7bpn,1021_schl_L1,,,,,,,,
perf-test17-alpha,tch_1021_schl_L1_20240712-110804_87,class_1021_schl_L1_20240712-110804_87,6HA6-CE4C,1021_schl_L1,,,,,,,,
perf-test17-alpha,tch_1021_schl_L1_20240712-110804_88,class_1021_schl_L1_20240712-110804_88,LNMz-ypA6,1021_schl_L1,,,,,,,,
perf-test17-alpha,tch_1021_schl_L1_20240712-110804_89,class_1021_schl_L1_20240712-110804_89,GJFR-8264,1021_schl_L1,,,,,,,,
perf-test17-alpha,tch_1021_schl_L1_20240712-110804_90,class_1021_schl_L1_20240712-110804_90,72Ka-v9o4,1021_schl_L1,,,,,,,,
perf-test17-alpha,tch_1021_schl_L1_20240712-110804_91,class_1021_schl_L1_20240712-110804_91,iwsh-DAn9,1021_schl_L1,,,,,,,,
perf-test17-alpha,tch_1021_schl_L1_20240712-110804_92,class_1021_schl_L1_20240712-110804_92,9HP2-Fh63,1021_schl_L1,,,,,,,,
perf-test17-alpha,tch_1021_schl_L1_20240712-110804_93,class_1021_schl_L1_20240712-110804_93,K648-WCKX,1021_schl_L1,,,,,,,,
perf-test17-alpha,tch_1021_schl_L1_20240712-110804_94,class_1021_schl_L1_20240712-110804_94,fzgG-b862,1021_schl_L1,,,,,,,,
perf-test17-alpha,tch_1021_schl_L1_20240712-110804_95,class_1021_schl_L1_20240712-110804_95,4e3Y-cYCf,1021_schl_L1,,,,,,,,
perf-test17-alpha,tch_1021_schl_L1_20240712-110804_96,class_1021_schl_L1_20240712-110804_96,ao3J-dKYx,1021_schl_L1,,,,,,,,
perf-test17-alpha,tch_1021_schl_L1_20240712-110804_97,class_1021_schl_L1_20240712-110804_97,8w72-jhsn,1021_schl_L1,,,,,,,,
perf-test17-alpha,tch_1021_schl_L1_20240712-110804_98,class_1021_schl_L1_20240712-110804_98,edgy-4Ves,1021_schl_L1,,,,,,,,
perf-test17-alpha,tch_1021_schl_L1_20240712-110804_99,class_1021_schl_L1_20240712-110804_99,8T9y-639g,1021_schl_L1,,,,,,,,
perf-test17-alpha,tch_1021_schl_L1_20240712-110804_100,class_1021_schl_L1_20240712-110804_100,A9ev-6DCb,1021_schl_L1,,,,,,,,
perf-test17-alpha,tch_1021_schl_M5_20240712-110804_472,class_1021_schl_M5_20240712-110804_472,Eoba-kow9,1021_schl_M5,,,,,,,,
perf-test17-alpha,tch_1021_schl_M5_20240712-110804_471,class_1021_schl_M5_20240712-110804_471,3Ft3-a4at,1021_schl_M5,,,,,,,,
perf-test17-alpha,tch_1021_schl_M5_20240712-110804_473,class_1021_schl_M5_20240712-110804_473,76dh-tHge,1021_schl_M5,,,,,,,,
perf-test17-alpha,tch_1021_schl_M5_20240712-110804_474,class_1021_schl_M5_20240712-110804_474,hxkb-DjL6,1021_schl_M5,,,,,,,,
perf-test17-alpha,tch_1021_schl_M5_20240712-110804_475,class_1021_schl_M5_20240712-110804_475,pw4q-yFtv,1021_schl_M5,,,,,,,,
