student,classcode
perf_std_0001,Qebj-7YA3
perf_std_0002,VbiC-24Qh
perf_std_0003,LbJh-Eija
perf_std_0004,Db4h-M8ec
perf_std_0005,ZGLi-6hJ7
perf_std_0006,8c48-ge2F
perf_std_0007,YRf3-84hi
perf_std_0008,7Lgj-Lhdg
perf_std_0009,bgLa-6Z4M
perf_std_0010,aM8V-846c
perf_std_0011,c7Rb-e9ej
perf_std_0012,g96b-A6Yf
perf_std_0013,HAaF-jTbC
perf_std_0014,B9RP-dAf4
perf_std_0015,dEeV-6jbd
perf_std_0016,Difc-MUYZ
perf_std_0017,cR92-HXDf
perf_std_0018,hLeV-fjLD
perf_std_0019,fc3R-afe6
perf_std_0020,deD2-U46a
perf_std_0021,27CX-D6KM
perf_std_0022,3YiV-WUb9
perf_std_0023,8hdb-P9V4
perf_std_0024,NUMj-6a2W
perf_std_0025,TWfh-b3KR
perf_std_0026,6L64-i94f
perf_std_0027,e8QC-d3e8
perf_std_0028,aMgG-i28W
perf_std_0029,Uac6-3EH4
perf_std_0030,NXHc-6Ba6
perf_std_0031,Hbgd-3b92
perf_std_0032,cD6U-Zac2
perf_std_0033,ag9V-2aFE
perf_std_0034,FhTg-ACch
perf_std_0035,cd9b-JMgc
perf_std_0036,f623-bg47
perf_std_0037,2ged-62Z7
perf_std_0038,U8DE-GX83
perf_std_0039,cJ7i-4aig
perf_std_0040,9dbY-9MT6
perf_std_0041,VHU7-ViN9
perf_std_0042,86RM-a876
perf_std_0043,Z3Z2-N8hi
perf_std_0044,Zgcg-HUD2
perf_std_0045,eJBg-RXZ8
perf_std_0046,98Uh-gLVe
perf_std_0047,Yf3b-g32j
perf_std_0048,EciF-HJB4
perf_std_0049,Z2Ch-j9Td
perf_std_0050,4Xcf-Qc4F
perf_std_0051,Qebj-7YA3
perf_std_0052,VbiC-24Qh
perf_std_0053,LbJh-Eija
perf_std_0054,Db4h-M8ec
perf_std_0055,ZGLi-6hJ7
perf_std_0056,8c48-ge2F
perf_std_0057,YRf3-84hi
perf_std_0058,7Lgj-Lhdg
perf_std_0059,bgLa-6Z4M
perf_std_0060,aM8V-846c
perf_std_0061,c7Rb-e9ej
perf_std_0062,g96b-A6Yf
perf_std_0063,HAaF-jTbC
perf_std_0064,B9RP-dAf4
perf_std_0065,dEeV-6jbd
perf_std_0066,Difc-MUYZ
perf_std_0067,cR92-HXDf
perf_std_0068,hLeV-fjLD
perf_std_0069,fc3R-afe6
perf_std_0070,deD2-U46a
perf_std_0071,27CX-D6KM
perf_std_0072,3YiV-WUb9
perf_std_0073,8hdb-P9V4
perf_std_0074,NUMj-6a2W
perf_std_0075,TWfh-b3KR
perf_std_0076,6L64-i94f
perf_std_0077,e8QC-d3e8
perf_std_0078,aMgG-i28W
perf_std_0079,Uac6-3EH4
perf_std_0080,NXHc-6Ba6
perf_std_0081,Hbgd-3b92
perf_std_0082,cD6U-Zac2
perf_std_0083,ag9V-2aFE
perf_std_0084,FhTg-ACch
perf_std_0085,cd9b-JMgc
perf_std_0086,f623-bg47
perf_std_0087,2ged-62Z7
perf_std_0088,U8DE-GX83
perf_std_0089,cJ7i-4aig
perf_std_0090,9dbY-9MT6
perf_std_0091,VHU7-ViN9
perf_std_0092,86RM-a876
perf_std_0093,Z3Z2-N8hi
perf_std_0094,Zgcg-HUD2
perf_std_0095,eJBg-RXZ8
perf_std_0096,98Uh-gLVe
perf_std_0097,Yf3b-g32j
perf_std_0098,EciF-HJB4
perf_std_0099,Z2Ch-j9Td
perf_std_0100,4Xcf-Qc4F
perf_std_0101,Qebj-7YA3
perf_std_0102,VbiC-24Qh
perf_std_0103,LbJh-Eija
perf_std_0104,Db4h-M8ec
perf_std_0105,ZGLi-6hJ7
perf_std_0106,8c48-ge2F
perf_std_0107,YRf3-84hi
perf_std_0108,7Lgj-Lhdg
perf_std_0109,bgLa-6Z4M
perf_std_0110,aM8V-846c
perf_std_0111,c7Rb-e9ej
perf_std_0112,g96b-A6Yf
perf_std_0113,HAaF-jTbC
perf_std_0114,B9RP-dAf4
perf_std_0115,dEeV-6jbd
perf_std_0116,Difc-MUYZ
perf_std_0117,cR92-HXDf
perf_std_0118,hLeV-fjLD
perf_std_0119,fc3R-afe6
perf_std_0120,deD2-U46a
perf_std_0121,27CX-D6KM
perf_std_0122,3YiV-WUb9
perf_std_0123,8hdb-P9V4
perf_std_0124,NUMj-6a2W
perf_std_0125,TWfh-b3KR
perf_std_0126,6L64-i94f
perf_std_0127,e8QC-d3e8
perf_std_0128,aMgG-i28W
perf_std_0129,Uac6-3EH4
perf_std_0130,NXHc-6Ba6
perf_std_0131,Hbgd-3b92
perf_std_0132,cD6U-Zac2
perf_std_0133,ag9V-2aFE
perf_std_0134,FhTg-ACch
perf_std_0135,cd9b-JMgc
perf_std_0136,f623-bg47
perf_std_0137,2ged-62Z7
perf_std_0138,U8DE-GX83
perf_std_0139,cJ7i-4aig
perf_std_0140,9dbY-9MT6
perf_std_0141,VHU7-ViN9
perf_std_0142,86RM-a876
perf_std_0143,Z3Z2-N8hi
perf_std_0144,Zgcg-HUD2
perf_std_0145,eJBg-RXZ8
perf_std_0146,98Uh-gLVe
perf_std_0147,Yf3b-g32j
perf_std_0148,EciF-HJB4
perf_std_0149,Z2Ch-j9Td
perf_std_0150,4Xcf-Qc4F
perf_std_0151,Qebj-7YA3
perf_std_0152,VbiC-24Qh
perf_std_0153,LbJh-Eija
perf_std_0154,Db4h-M8ec
perf_std_0155,ZGLi-6hJ7
perf_std_0156,8c48-ge2F
perf_std_0157,YRf3-84hi
perf_std_0158,7Lgj-Lhdg
perf_std_0159,bgLa-6Z4M
perf_std_0160,aM8V-846c
perf_std_0161,c7Rb-e9ej
perf_std_0162,g96b-A6Yf
perf_std_0163,HAaF-jTbC
perf_std_0164,B9RP-dAf4
perf_std_0165,dEeV-6jbd
perf_std_0166,Difc-MUYZ
perf_std_0167,cR92-HXDf
perf_std_0168,hLeV-fjLD
perf_std_0169,fc3R-afe6
perf_std_0170,deD2-U46a
perf_std_0171,27CX-D6KM
perf_std_0172,3YiV-WUb9
perf_std_0173,8hdb-P9V4
perf_std_0174,NUMj-6a2W
perf_std_0175,TWfh-b3KR
perf_std_0176,6L64-i94f
perf_std_0177,e8QC-d3e8
perf_std_0178,aMgG-i28W
perf_std_0179,Uac6-3EH4
perf_std_0180,NXHc-6Ba6
perf_std_0181,Hbgd-3b92
perf_std_0182,cD6U-Zac2
perf_std_0183,ag9V-2aFE
perf_std_0184,FhTg-ACch
perf_std_0185,cd9b-JMgc
perf_std_0186,f623-bg47
perf_std_0187,2ged-62Z7
perf_std_0188,U8DE-GX83
perf_std_0189,cJ7i-4aig
perf_std_0190,9dbY-9MT6
perf_std_0191,VHU7-ViN9
perf_std_0192,86RM-a876
perf_std_0193,Z3Z2-N8hi
perf_std_0194,Zgcg-HUD2
perf_std_0195,eJBg-RXZ8
perf_std_0196,98Uh-gLVe
perf_std_0197,Yf3b-g32j
perf_std_0198,EciF-HJB4
perf_std_0199,Z2Ch-j9Td
perf_std_0200,4Xcf-Qc4F
perf_std_0201,Qebj-7YA3
perf_std_0202,VbiC-24Qh
perf_std_0203,LbJh-Eija
perf_std_0204,Db4h-M8ec
perf_std_0205,ZGLi-6hJ7
perf_std_0206,8c48-ge2F
perf_std_0207,YRf3-84hi
perf_std_0208,7Lgj-Lhdg
perf_std_0209,bgLa-6Z4M
perf_std_0210,aM8V-846c
perf_std_0211,c7Rb-e9ej
perf_std_0212,g96b-A6Yf
perf_std_0213,HAaF-jTbC
perf_std_0214,B9RP-dAf4
perf_std_0215,dEeV-6jbd
perf_std_0216,Difc-MUYZ
perf_std_0217,cR92-HXDf
perf_std_0218,hLeV-fjLD
perf_std_0219,fc3R-afe6
perf_std_0220,deD2-U46a
perf_std_0221,27CX-D6KM
perf_std_0222,3YiV-WUb9
perf_std_0223,8hdb-P9V4
perf_std_0224,NUMj-6a2W
perf_std_0225,TWfh-b3KR
perf_std_0226,6L64-i94f
perf_std_0227,e8QC-d3e8
perf_std_0228,aMgG-i28W
perf_std_0229,Uac6-3EH4
perf_std_0230,NXHc-6Ba6
perf_std_0231,Hbgd-3b92
perf_std_0232,cD6U-Zac2
perf_std_0233,ag9V-2aFE
perf_std_0234,FhTg-ACch
perf_std_0235,cd9b-JMgc
perf_std_0236,f623-bg47
perf_std_0237,2ged-62Z7
perf_std_0238,U8DE-GX83
perf_std_0239,cJ7i-4aig
perf_std_0240,9dbY-9MT6
perf_std_0241,VHU7-ViN9
perf_std_0242,86RM-a876
perf_std_0243,Z3Z2-N8hi
perf_std_0244,Zgcg-HUD2
perf_std_0245,eJBg-RXZ8
perf_std_0246,98Uh-gLVe
perf_std_0247,Yf3b-g32j
perf_std_0248,EciF-HJB4
perf_std_0249,Z2Ch-j9Td
perf_std_0250,4Xcf-Qc4F
perf_std_0251,Qebj-7YA3
perf_std_0252,VbiC-24Qh
perf_std_0253,LbJh-Eija
perf_std_0254,Db4h-M8ec
perf_std_0255,ZGLi-6hJ7
perf_std_0256,8c48-ge2F
perf_std_0257,YRf3-84hi
perf_std_0258,7Lgj-Lhdg
perf_std_0259,bgLa-6Z4M
perf_std_0260,aM8V-846c
perf_std_0261,c7Rb-e9ej
perf_std_0262,g96b-A6Yf
perf_std_0263,HAaF-jTbC
perf_std_0264,B9RP-dAf4
perf_std_0265,dEeV-6jbd
perf_std_0266,Difc-MUYZ
perf_std_0267,cR92-HXDf
perf_std_0268,hLeV-fjLD
perf_std_0269,fc3R-afe6
perf_std_0270,deD2-U46a
perf_std_0271,27CX-D6KM
perf_std_0272,3YiV-WUb9
perf_std_0273,8hdb-P9V4
perf_std_0274,NUMj-6a2W
perf_std_0275,TWfh-b3KR
perf_std_0276,6L64-i94f
perf_std_0277,e8QC-d3e8
perf_std_0278,aMgG-i28W
perf_std_0279,Uac6-3EH4
perf_std_0280,NXHc-6Ba6
perf_std_0281,Hbgd-3b92
perf_std_0282,cD6U-Zac2
perf_std_0283,ag9V-2aFE
perf_std_0284,FhTg-ACch
perf_std_0285,cd9b-JMgc
perf_std_0286,f623-bg47
perf_std_0287,2ged-62Z7
perf_std_0288,U8DE-GX83
perf_std_0289,cJ7i-4aig
perf_std_0290,9dbY-9MT6
perf_std_0291,VHU7-ViN9
perf_std_0292,86RM-a876
perf_std_0293,Z3Z2-N8hi
perf_std_0294,Zgcg-HUD2
perf_std_0295,eJBg-RXZ8
perf_std_0296,98Uh-gLVe
perf_std_0297,Yf3b-g32j
perf_std_0298,EciF-HJB4
perf_std_0299,Z2Ch-j9Td
perf_std_0300,4Xcf-Qc4F
perf_std_0301,Qebj-7YA3
perf_std_0302,VbiC-24Qh
perf_std_0303,LbJh-Eija
perf_std_0304,Db4h-M8ec
perf_std_0305,ZGLi-6hJ7
perf_std_0306,8c48-ge2F
perf_std_0307,YRf3-84hi
perf_std_0308,7Lgj-Lhdg
perf_std_0309,bgLa-6Z4M
perf_std_0310,aM8V-846c
perf_std_0311,c7Rb-e9ej
perf_std_0312,g96b-A6Yf
perf_std_0313,HAaF-jTbC
perf_std_0314,B9RP-dAf4
perf_std_0315,dEeV-6jbd
perf_std_0316,Difc-MUYZ
perf_std_0317,cR92-HXDf
perf_std_0318,hLeV-fjLD
perf_std_0319,fc3R-afe6
perf_std_0320,deD2-U46a
perf_std_0321,27CX-D6KM
perf_std_0322,3YiV-WUb9
perf_std_0323,8hdb-P9V4
perf_std_0324,NUMj-6a2W
perf_std_0325,TWfh-b3KR
perf_std_0326,6L64-i94f
perf_std_0327,e8QC-d3e8
perf_std_0328,aMgG-i28W
perf_std_0329,Uac6-3EH4
perf_std_0330,NXHc-6Ba6
perf_std_0331,Hbgd-3b92
perf_std_0332,cD6U-Zac2
perf_std_0333,ag9V-2aFE
perf_std_0334,FhTg-ACch
perf_std_0335,cd9b-JMgc
perf_std_0336,f623-bg47
perf_std_0337,2ged-62Z7
perf_std_0338,U8DE-GX83
perf_std_0339,cJ7i-4aig
perf_std_0340,9dbY-9MT6
perf_std_0341,VHU7-ViN9
perf_std_0342,86RM-a876
perf_std_0343,Z3Z2-N8hi
perf_std_0344,Zgcg-HUD2
perf_std_0345,eJBg-RXZ8
perf_std_0346,98Uh-gLVe
perf_std_0347,Yf3b-g32j
perf_std_0348,EciF-HJB4
perf_std_0349,Z2Ch-j9Td
perf_std_0350,4Xcf-Qc4F
perf_std_0351,Qebj-7YA3
perf_std_0352,VbiC-24Qh
perf_std_0353,LbJh-Eija
perf_std_0354,Db4h-M8ec
perf_std_0355,ZGLi-6hJ7
perf_std_0356,8c48-ge2F
perf_std_0357,YRf3-84hi
perf_std_0358,7Lgj-Lhdg
perf_std_0359,bgLa-6Z4M
perf_std_0360,aM8V-846c
perf_std_0361,c7Rb-e9ej
perf_std_0362,g96b-A6Yf
perf_std_0363,HAaF-jTbC
perf_std_0364,B9RP-dAf4
perf_std_0365,dEeV-6jbd
perf_std_0366,Difc-MUYZ
perf_std_0367,cR92-HXDf
perf_std_0368,hLeV-fjLD
perf_std_0369,fc3R-afe6
perf_std_0370,deD2-U46a
perf_std_0371,27CX-D6KM
perf_std_0372,3YiV-WUb9
perf_std_0373,8hdb-P9V4
perf_std_0374,NUMj-6a2W
perf_std_0375,TWfh-b3KR
perf_std_0376,6L64-i94f
perf_std_0377,e8QC-d3e8
perf_std_0378,aMgG-i28W
perf_std_0379,Uac6-3EH4
perf_std_0380,NXHc-6Ba6
perf_std_0381,Hbgd-3b92
perf_std_0382,cD6U-Zac2
perf_std_0383,ag9V-2aFE
perf_std_0384,FhTg-ACch
perf_std_0385,cd9b-JMgc
perf_std_0386,f623-bg47
perf_std_0387,2ged-62Z7
perf_std_0388,U8DE-GX83
perf_std_0389,cJ7i-4aig
perf_std_0390,9dbY-9MT6
perf_std_0391,VHU7-ViN9
perf_std_0392,86RM-a876
perf_std_0393,Z3Z2-N8hi
perf_std_0394,Zgcg-HUD2
perf_std_0395,eJBg-RXZ8
perf_std_0396,98Uh-gLVe
perf_std_0397,Yf3b-g32j
perf_std_0398,EciF-HJB4
perf_std_0399,Z2Ch-j9Td
perf_std_0400,4Xcf-Qc4F
perf_std_0401,Qebj-7YA3
perf_std_0402,VbiC-24Qh
perf_std_0403,LbJh-Eija
perf_std_0404,Db4h-M8ec
perf_std_0405,ZGLi-6hJ7
perf_std_0406,8c48-ge2F
perf_std_0407,YRf3-84hi
perf_std_0408,7Lgj-Lhdg
perf_std_0409,bgLa-6Z4M
perf_std_0410,aM8V-846c
perf_std_0411,c7Rb-e9ej
perf_std_0412,g96b-A6Yf
perf_std_0413,HAaF-jTbC
perf_std_0414,B9RP-dAf4
perf_std_0415,dEeV-6jbd
perf_std_0416,Difc-MUYZ
perf_std_0417,cR92-HXDf
perf_std_0418,hLeV-fjLD
perf_std_0419,fc3R-afe6
perf_std_0420,deD2-U46a
perf_std_0421,27CX-D6KM
perf_std_0422,3YiV-WUb9
perf_std_0423,8hdb-P9V4
perf_std_0424,NUMj-6a2W
perf_std_0425,TWfh-b3KR
perf_std_0426,6L64-i94f
perf_std_0427,e8QC-d3e8
perf_std_0428,aMgG-i28W
perf_std_0429,Uac6-3EH4
perf_std_0430,NXHc-6Ba6
perf_std_0431,Hbgd-3b92
perf_std_0432,cD6U-Zac2
perf_std_0433,ag9V-2aFE
perf_std_0434,FhTg-ACch
perf_std_0435,cd9b-JMgc
perf_std_0436,f623-bg47
perf_std_0437,2ged-62Z7
perf_std_0438,U8DE-GX83
perf_std_0439,cJ7i-4aig
perf_std_0440,9dbY-9MT6
perf_std_0441,VHU7-ViN9
perf_std_0442,86RM-a876
perf_std_0443,Z3Z2-N8hi
perf_std_0444,Zgcg-HUD2
perf_std_0445,eJBg-RXZ8
perf_std_0446,98Uh-gLVe
perf_std_0447,Yf3b-g32j
perf_std_0448,EciF-HJB4
perf_std_0449,Z2Ch-j9Td
perf_std_0450,4Xcf-Qc4F
perf_std_0451,Qebj-7YA3
perf_std_0452,VbiC-24Qh
perf_std_0453,LbJh-Eija
perf_std_0454,Db4h-M8ec
perf_std_0455,ZGLi-6hJ7
perf_std_0456,8c48-ge2F
perf_std_0457,YRf3-84hi
perf_std_0458,7Lgj-Lhdg
perf_std_0459,bgLa-6Z4M
perf_std_0460,aM8V-846c
perf_std_0461,c7Rb-e9ej
perf_std_0462,g96b-A6Yf
perf_std_0463,HAaF-jTbC
perf_std_0464,B9RP-dAf4
perf_std_0465,dEeV-6jbd
perf_std_0466,Difc-MUYZ
perf_std_0467,cR92-HXDf
perf_std_0468,hLeV-fjLD
perf_std_0469,fc3R-afe6
perf_std_0470,deD2-U46a
perf_std_0471,27CX-D6KM
perf_std_0472,3YiV-WUb9
perf_std_0473,8hdb-P9V4
perf_std_0474,NUMj-6a2W
perf_std_0475,TWfh-b3KR
perf_std_0476,6L64-i94f
perf_std_0477,e8QC-d3e8
perf_std_0478,aMgG-i28W
perf_std_0479,Uac6-3EH4
perf_std_0480,NXHc-6Ba6
perf_std_0481,Hbgd-3b92
perf_std_0482,cD6U-Zac2
perf_std_0483,ag9V-2aFE
perf_std_0484,FhTg-ACch
perf_std_0485,cd9b-JMgc
perf_std_0486,f623-bg47
perf_std_0487,2ged-62Z7
perf_std_0488,U8DE-GX83
perf_std_0489,cJ7i-4aig
perf_std_0490,9dbY-9MT6
perf_std_0491,VHU7-ViN9
perf_std_0492,86RM-a876
perf_std_0493,Z3Z2-N8hi
perf_std_0494,Zgcg-HUD2
perf_std_0495,eJBg-RXZ8
perf_std_0496,98Uh-gLVe
perf_std_0497,Yf3b-g32j
perf_std_0498,EciF-HJB4
perf_std_0499,Z2Ch-j9Td
perf_std_0500,4Xcf-Qc4F
perf_std_0501,Qebj-7YA3
perf_std_0502,VbiC-24Qh
perf_std_0503,LbJh-Eija
perf_std_0504,Db4h-M8ec
perf_std_0505,ZGLi-6hJ7
perf_std_0506,8c48-ge2F
perf_std_0507,YRf3-84hi
perf_std_0508,7Lgj-Lhdg
perf_std_0509,bgLa-6Z4M
perf_std_0510,aM8V-846c
perf_std_0511,c7Rb-e9ej
perf_std_0512,g96b-A6Yf
perf_std_0513,HAaF-jTbC
perf_std_0514,B9RP-dAf4
perf_std_0515,dEeV-6jbd
perf_std_0516,Difc-MUYZ
perf_std_0517,cR92-HXDf
perf_std_0518,hLeV-fjLD
perf_std_0519,fc3R-afe6
perf_std_0520,deD2-U46a
perf_std_0521,27CX-D6KM
perf_std_0522,3YiV-WUb9
perf_std_0523,8hdb-P9V4
perf_std_0524,NUMj-6a2W
perf_std_0525,TWfh-b3KR
perf_std_0526,6L64-i94f
perf_std_0527,e8QC-d3e8
perf_std_0528,aMgG-i28W
perf_std_0529,Uac6-3EH4
perf_std_0530,NXHc-6Ba6
perf_std_0531,Hbgd-3b92
perf_std_0532,cD6U-Zac2
perf_std_0533,ag9V-2aFE
perf_std_0534,FhTg-ACch
perf_std_0535,cd9b-JMgc
perf_std_0536,f623-bg47
perf_std_0537,2ged-62Z7
perf_std_0538,U8DE-GX83
perf_std_0539,cJ7i-4aig
perf_std_0540,9dbY-9MT6
perf_std_0541,VHU7-ViN9
perf_std_0542,86RM-a876
perf_std_0543,Z3Z2-N8hi
perf_std_0544,Zgcg-HUD2
perf_std_0545,eJBg-RXZ8
perf_std_0546,98Uh-gLVe
perf_std_0547,Yf3b-g32j
perf_std_0548,EciF-HJB4
perf_std_0549,Z2Ch-j9Td
perf_std_0550,4Xcf-Qc4F
perf_std_0551,Qebj-7YA3
perf_std_0552,VbiC-24Qh
perf_std_0553,LbJh-Eija
perf_std_0554,Db4h-M8ec
perf_std_0555,ZGLi-6hJ7
perf_std_0556,8c48-ge2F
perf_std_0557,YRf3-84hi
perf_std_0558,7Lgj-Lhdg
perf_std_0559,bgLa-6Z4M
perf_std_0560,aM8V-846c
perf_std_0561,c7Rb-e9ej
perf_std_0562,g96b-A6Yf
perf_std_0563,HAaF-jTbC
perf_std_0564,B9RP-dAf4
perf_std_0565,dEeV-6jbd
perf_std_0566,Difc-MUYZ
perf_std_0567,cR92-HXDf
perf_std_0568,hLeV-fjLD
perf_std_0569,fc3R-afe6
perf_std_0570,deD2-U46a
perf_std_0571,27CX-D6KM
perf_std_0572,3YiV-WUb9
perf_std_0573,8hdb-P9V4
perf_std_0574,NUMj-6a2W
perf_std_0575,TWfh-b3KR
perf_std_0576,6L64-i94f
perf_std_0577,e8QC-d3e8
perf_std_0578,aMgG-i28W
perf_std_0579,Uac6-3EH4
perf_std_0580,NXHc-6Ba6
perf_std_0581,Hbgd-3b92
perf_std_0582,cD6U-Zac2
perf_std_0583,ag9V-2aFE
perf_std_0584,FhTg-ACch
perf_std_0585,cd9b-JMgc
perf_std_0586,f623-bg47
perf_std_0587,2ged-62Z7
perf_std_0588,U8DE-GX83
perf_std_0589,cJ7i-4aig
perf_std_0590,9dbY-9MT6
perf_std_0591,VHU7-ViN9
perf_std_0592,86RM-a876
perf_std_0593,Z3Z2-N8hi
perf_std_0594,Zgcg-HUD2
perf_std_0595,eJBg-RXZ8
perf_std_0596,98Uh-gLVe
perf_std_0597,Yf3b-g32j
perf_std_0598,EciF-HJB4
perf_std_0599,Z2Ch-j9Td
perf_std_0600,4Xcf-Qc4F
perf_std_0601,Qebj-7YA3
perf_std_0602,VbiC-24Qh
perf_std_0603,LbJh-Eija
perf_std_0604,Db4h-M8ec
perf_std_0605,ZGLi-6hJ7
perf_std_0606,8c48-ge2F
perf_std_0607,YRf3-84hi
perf_std_0608,7Lgj-Lhdg
perf_std_0609,bgLa-6Z4M
perf_std_0610,aM8V-846c
perf_std_0611,c7Rb-e9ej
perf_std_0612,g96b-A6Yf
perf_std_0613,HAaF-jTbC
perf_std_0614,B9RP-dAf4
perf_std_0615,dEeV-6jbd
perf_std_0616,Difc-MUYZ
perf_std_0617,cR92-HXDf
perf_std_0618,hLeV-fjLD
perf_std_0619,fc3R-afe6
perf_std_0620,deD2-U46a
perf_std_0621,27CX-D6KM
perf_std_0622,3YiV-WUb9
perf_std_0623,8hdb-P9V4
perf_std_0624,NUMj-6a2W
perf_std_0625,TWfh-b3KR
perf_std_0626,6L64-i94f
perf_std_0627,e8QC-d3e8
perf_std_0628,aMgG-i28W
perf_std_0629,Uac6-3EH4
perf_std_0630,NXHc-6Ba6
perf_std_0631,Hbgd-3b92
perf_std_0632,cD6U-Zac2
perf_std_0633,ag9V-2aFE
perf_std_0634,FhTg-ACch
perf_std_0635,cd9b-JMgc
perf_std_0636,f623-bg47
perf_std_0637,2ged-62Z7
perf_std_0638,U8DE-GX83
perf_std_0639,cJ7i-4aig
perf_std_0640,9dbY-9MT6
perf_std_0641,VHU7-ViN9
perf_std_0642,86RM-a876
perf_std_0643,Z3Z2-N8hi
perf_std_0644,Zgcg-HUD2
perf_std_0645,eJBg-RXZ8
perf_std_0646,98Uh-gLVe
perf_std_0647,Yf3b-g32j
perf_std_0648,EciF-HJB4
perf_std_0649,Z2Ch-j9Td
perf_std_0650,4Xcf-Qc4F
perf_std_0651,Qebj-7YA3
perf_std_0652,VbiC-24Qh
perf_std_0653,LbJh-Eija
perf_std_0654,Db4h-M8ec
perf_std_0655,ZGLi-6hJ7
perf_std_0656,8c48-ge2F
perf_std_0657,YRf3-84hi
perf_std_0658,7Lgj-Lhdg
perf_std_0659,bgLa-6Z4M
perf_std_0660,aM8V-846c
perf_std_0661,c7Rb-e9ej
perf_std_0662,g96b-A6Yf
perf_std_0663,HAaF-jTbC
perf_std_0664,B9RP-dAf4
perf_std_0665,dEeV-6jbd
perf_std_0666,Difc-MUYZ
perf_std_0667,cR92-HXDf
perf_std_0668,hLeV-fjLD
perf_std_0669,fc3R-afe6
perf_std_0670,deD2-U46a
perf_std_0671,27CX-D6KM
perf_std_0672,3YiV-WUb9
perf_std_0673,8hdb-P9V4
perf_std_0674,NUMj-6a2W
perf_std_0675,TWfh-b3KR
perf_std_0676,6L64-i94f
perf_std_0677,e8QC-d3e8
perf_std_0678,aMgG-i28W
perf_std_0679,Uac6-3EH4
perf_std_0680,NXHc-6Ba6
perf_std_0681,Hbgd-3b92
perf_std_0682,cD6U-Zac2
perf_std_0683,ag9V-2aFE
perf_std_0684,FhTg-ACch
perf_std_0685,cd9b-JMgc
perf_std_0686,f623-bg47
perf_std_0687,2ged-62Z7
perf_std_0688,U8DE-GX83
perf_std_0689,cJ7i-4aig
perf_std_0690,9dbY-9MT6
perf_std_0691,VHU7-ViN9
perf_std_0692,86RM-a876
perf_std_0693,Z3Z2-N8hi
perf_std_0694,Zgcg-HUD2
perf_std_0695,eJBg-RXZ8
perf_std_0696,98Uh-gLVe
perf_std_0697,Yf3b-g32j
perf_std_0698,EciF-HJB4
perf_std_0699,Z2Ch-j9Td
perf_std_0700,4Xcf-Qc4F
perf_std_0701,Qebj-7YA3
perf_std_0702,VbiC-24Qh
perf_std_0703,LbJh-Eija
perf_std_0704,Db4h-M8ec
perf_std_0705,ZGLi-6hJ7
perf_std_0706,8c48-ge2F
perf_std_0707,YRf3-84hi
perf_std_0708,7Lgj-Lhdg
perf_std_0709,bgLa-6Z4M
perf_std_0710,aM8V-846c
perf_std_0711,c7Rb-e9ej
perf_std_0712,g96b-A6Yf
perf_std_0713,HAaF-jTbC
perf_std_0714,B9RP-dAf4
perf_std_0715,dEeV-6jbd
perf_std_0716,Difc-MUYZ
perf_std_0717,cR92-HXDf
perf_std_0718,hLeV-fjLD
perf_std_0719,fc3R-afe6
perf_std_0720,deD2-U46a
perf_std_0721,27CX-D6KM
perf_std_0722,3YiV-WUb9
perf_std_0723,8hdb-P9V4
perf_std_0724,NUMj-6a2W
perf_std_0725,TWfh-b3KR
perf_std_0726,6L64-i94f
perf_std_0727,e8QC-d3e8
perf_std_0728,aMgG-i28W
perf_std_0729,Uac6-3EH4
perf_std_0730,NXHc-6Ba6
perf_std_0731,Hbgd-3b92
perf_std_0732,cD6U-Zac2
perf_std_0733,ag9V-2aFE
perf_std_0734,FhTg-ACch
perf_std_0735,cd9b-JMgc
perf_std_0736,f623-bg47
perf_std_0737,2ged-62Z7
perf_std_0738,U8DE-GX83
perf_std_0739,cJ7i-4aig
perf_std_0740,9dbY-9MT6
perf_std_0741,VHU7-ViN9
perf_std_0742,86RM-a876
perf_std_0743,Z3Z2-N8hi
perf_std_0744,Zgcg-HUD2
perf_std_0745,eJBg-RXZ8
perf_std_0746,98Uh-gLVe
perf_std_0747,Yf3b-g32j
perf_std_0748,EciF-HJB4
perf_std_0749,Z2Ch-j9Td
perf_std_0750,4Xcf-Qc4F
perf_std_0751,Qebj-7YA3
perf_std_0752,VbiC-24Qh
perf_std_0753,LbJh-Eija
perf_std_0754,Db4h-M8ec
perf_std_0755,ZGLi-6hJ7
perf_std_0756,8c48-ge2F
perf_std_0757,YRf3-84hi
perf_std_0758,7Lgj-Lhdg
perf_std_0759,bgLa-6Z4M
perf_std_0760,aM8V-846c
perf_std_0761,c7Rb-e9ej
perf_std_0762,g96b-A6Yf
perf_std_0763,HAaF-jTbC
perf_std_0764,B9RP-dAf4
perf_std_0765,dEeV-6jbd
perf_std_0766,Difc-MUYZ
perf_std_0767,cR92-HXDf
perf_std_0768,hLeV-fjLD
perf_std_0769,fc3R-afe6
perf_std_0770,deD2-U46a
perf_std_0771,27CX-D6KM
perf_std_0772,3YiV-WUb9
perf_std_0773,8hdb-P9V4
perf_std_0774,NUMj-6a2W
perf_std_0775,TWfh-b3KR
perf_std_0776,6L64-i94f
perf_std_0777,e8QC-d3e8
perf_std_0778,aMgG-i28W
perf_std_0779,Uac6-3EH4
perf_std_0780,NXHc-6Ba6
perf_std_0781,Hbgd-3b92
perf_std_0782,cD6U-Zac2
perf_std_0783,ag9V-2aFE
perf_std_0784,FhTg-ACch
perf_std_0785,cd9b-JMgc
perf_std_0786,f623-bg47
perf_std_0787,2ged-62Z7
perf_std_0788,U8DE-GX83
perf_std_0789,cJ7i-4aig
perf_std_0790,9dbY-9MT6
perf_std_0791,VHU7-ViN9
perf_std_0792,86RM-a876
perf_std_0793,Z3Z2-N8hi
perf_std_0794,Zgcg-HUD2
perf_std_0795,eJBg-RXZ8
perf_std_0796,98Uh-gLVe
perf_std_0797,Yf3b-g32j
perf_std_0798,EciF-HJB4
perf_std_0799,Z2Ch-j9Td
perf_std_0800,4Xcf-Qc4F
perf_std_0801,Qebj-7YA3
perf_std_0802,VbiC-24Qh
perf_std_0803,LbJh-Eija
perf_std_0804,Db4h-M8ec
perf_std_0805,ZGLi-6hJ7
perf_std_0806,8c48-ge2F
perf_std_0807,YRf3-84hi
perf_std_0808,7Lgj-Lhdg
perf_std_0809,bgLa-6Z4M
perf_std_0810,aM8V-846c
perf_std_0811,c7Rb-e9ej
perf_std_0812,g96b-A6Yf
perf_std_0813,HAaF-jTbC
perf_std_0814,B9RP-dAf4
perf_std_0815,dEeV-6jbd
perf_std_0816,Difc-MUYZ
perf_std_0817,cR92-HXDf
perf_std_0818,hLeV-fjLD
perf_std_0819,fc3R-afe6
perf_std_0820,deD2-U46a
perf_std_0821,27CX-D6KM
perf_std_0822,3YiV-WUb9
perf_std_0823,8hdb-P9V4
perf_std_0824,NUMj-6a2W
perf_std_0825,TWfh-b3KR
perf_std_0826,6L64-i94f
perf_std_0827,e8QC-d3e8
perf_std_0828,aMgG-i28W
perf_std_0829,Uac6-3EH4
perf_std_0830,NXHc-6Ba6
perf_std_0831,Hbgd-3b92
perf_std_0832,cD6U-Zac2
perf_std_0833,ag9V-2aFE
perf_std_0834,FhTg-ACch
perf_std_0835,cd9b-JMgc
perf_std_0836,f623-bg47
perf_std_0837,2ged-62Z7
perf_std_0838,U8DE-GX83
perf_std_0839,cJ7i-4aig
perf_std_0840,9dbY-9MT6
perf_std_0841,VHU7-ViN9
perf_std_0842,86RM-a876
perf_std_0843,Z3Z2-N8hi
perf_std_0844,Zgcg-HUD2
perf_std_0845,eJBg-RXZ8
perf_std_0846,98Uh-gLVe
perf_std_0847,Yf3b-g32j
perf_std_0848,EciF-HJB4
perf_std_0849,Z2Ch-j9Td
perf_std_0850,4Xcf-Qc4F
perf_std_0851,Qebj-7YA3
perf_std_0852,VbiC-24Qh
perf_std_0853,LbJh-Eija
perf_std_0854,Db4h-M8ec
perf_std_0855,ZGLi-6hJ7
perf_std_0856,8c48-ge2F
perf_std_0857,YRf3-84hi
perf_std_0858,7Lgj-Lhdg
perf_std_0859,bgLa-6Z4M
perf_std_0860,aM8V-846c
perf_std_0861,c7Rb-e9ej
perf_std_0862,g96b-A6Yf
perf_std_0863,HAaF-jTbC
perf_std_0864,B9RP-dAf4
perf_std_0865,dEeV-6jbd
perf_std_0866,Difc-MUYZ
perf_std_0867,cR92-HXDf
perf_std_0868,hLeV-fjLD
perf_std_0869,fc3R-afe6
perf_std_0870,deD2-U46a
perf_std_0871,27CX-D6KM
perf_std_0872,3YiV-WUb9
perf_std_0873,8hdb-P9V4
perf_std_0874,NUMj-6a2W
perf_std_0875,TWfh-b3KR
perf_std_0876,6L64-i94f
perf_std_0877,e8QC-d3e8
perf_std_0878,aMgG-i28W
perf_std_0879,Uac6-3EH4
perf_std_0880,NXHc-6Ba6
perf_std_0881,Hbgd-3b92
perf_std_0882,cD6U-Zac2
perf_std_0883,ag9V-2aFE
perf_std_0884,FhTg-ACch
perf_std_0885,cd9b-JMgc
perf_std_0886,f623-bg47
perf_std_0887,2ged-62Z7
perf_std_0888,U8DE-GX83
perf_std_0889,cJ7i-4aig
perf_std_0890,9dbY-9MT6
perf_std_0891,VHU7-ViN9
perf_std_0892,86RM-a876
perf_std_0893,Z3Z2-N8hi
perf_std_0894,Zgcg-HUD2
perf_std_0895,eJBg-RXZ8
perf_std_0896,98Uh-gLVe
perf_std_0897,Yf3b-g32j
perf_std_0898,EciF-HJB4
perf_std_0899,Z2Ch-j9Td
perf_std_0900,4Xcf-Qc4F
perf_std_0901,Qebj-7YA3
perf_std_0902,VbiC-24Qh
perf_std_0903,LbJh-Eija
perf_std_0904,Db4h-M8ec
perf_std_0905,ZGLi-6hJ7
perf_std_0906,8c48-ge2F
perf_std_0907,YRf3-84hi
perf_std_0908,7Lgj-Lhdg
perf_std_0909,bgLa-6Z4M
perf_std_0910,aM8V-846c
perf_std_0911,c7Rb-e9ej
perf_std_0912,g96b-A6Yf
perf_std_0913,HAaF-jTbC
perf_std_0914,B9RP-dAf4
perf_std_0915,dEeV-6jbd
perf_std_0916,Difc-MUYZ
perf_std_0917,cR92-HXDf
perf_std_0918,hLeV-fjLD
perf_std_0919,fc3R-afe6
perf_std_0920,deD2-U46a
perf_std_0921,27CX-D6KM
perf_std_0922,3YiV-WUb9
perf_std_0923,8hdb-P9V4
perf_std_0924,NUMj-6a2W
perf_std_0925,TWfh-b3KR
perf_std_0926,6L64-i94f
perf_std_0927,e8QC-d3e8
perf_std_0928,aMgG-i28W
perf_std_0929,Uac6-3EH4
perf_std_0930,NXHc-6Ba6
perf_std_0931,Hbgd-3b92
perf_std_0932,cD6U-Zac2
perf_std_0933,ag9V-2aFE
perf_std_0934,FhTg-ACch
perf_std_0935,cd9b-JMgc
perf_std_0936,f623-bg47
perf_std_0937,2ged-62Z7
perf_std_0938,U8DE-GX83
perf_std_0939,cJ7i-4aig
perf_std_0940,9dbY-9MT6
perf_std_0941,VHU7-ViN9
perf_std_0942,86RM-a876
perf_std_0943,Z3Z2-N8hi
perf_std_0944,Zgcg-HUD2
perf_std_0945,eJBg-RXZ8
perf_std_0946,98Uh-gLVe
perf_std_0947,Yf3b-g32j
perf_std_0948,EciF-HJB4
perf_std_0949,Z2Ch-j9Td
perf_std_0950,4Xcf-Qc4F
perf_std_0951,Qebj-7YA3
perf_std_0952,VbiC-24Qh
perf_std_0953,LbJh-Eija
perf_std_0954,Db4h-M8ec
perf_std_0955,ZGLi-6hJ7
perf_std_0956,8c48-ge2F
perf_std_0957,YRf3-84hi
perf_std_0958,7Lgj-Lhdg
perf_std_0959,bgLa-6Z4M
perf_std_0960,aM8V-846c
perf_std_0961,c7Rb-e9ej
perf_std_0962,g96b-A6Yf
perf_std_0963,HAaF-jTbC
perf_std_0964,B9RP-dAf4
perf_std_0965,dEeV-6jbd
perf_std_0966,Difc-MUYZ
perf_std_0967,cR92-HXDf
perf_std_0968,hLeV-fjLD
perf_std_0969,fc3R-afe6
perf_std_0970,deD2-U46a
perf_std_0971,27CX-D6KM
perf_std_0972,3YiV-WUb9
perf_std_0973,8hdb-P9V4
perf_std_0974,NUMj-6a2W
perf_std_0975,TWfh-b3KR
perf_std_0976,6L64-i94f
perf_std_0977,e8QC-d3e8
perf_std_0978,aMgG-i28W
perf_std_0979,Uac6-3EH4
perf_std_0980,NXHc-6Ba6
perf_std_0981,Hbgd-3b92
perf_std_0982,cD6U-Zac2
perf_std_0983,ag9V-2aFE
perf_std_0984,FhTg-ACch
perf_std_0985,cd9b-JMgc
perf_std_0986,f623-bg47
perf_std_0987,2ged-62Z7
perf_std_0988,U8DE-GX83
perf_std_0989,cJ7i-4aig
perf_std_0990,9dbY-9MT6
perf_std_0991,VHU7-ViN9
perf_std_0992,86RM-a876
perf_std_0993,Z3Z2-N8hi
perf_std_0994,Zgcg-HUD2
perf_std_0995,eJBg-RXZ8
perf_std_0996,98Uh-gLVe
perf_std_0997,Yf3b-g32j
perf_std_0998,EciF-HJB4
perf_std_0999,Z2Ch-j9Td
perf_std_1000,4Xcf-Qc4F
