user_id,resource_id
perf_test_50VU_run2_user-1001,perf_test_50VU_run2_course-000-1001_#_perf_test_50VU_run2_res-000-1001
perf_test_50VU_run2_user-1002,perf_test_50VU_run2_course-000-1002_#_perf_test_50VU_run2_res-000-1002
perf_test_50VU_run2_user-1003,perf_test_50VU_run2_course-000-1003_#_perf_test_50VU_run2_res-000-1003
perf_test_50VU_run2_user-1004,perf_test_50VU_run2_course-000-1004_#_perf_test_50VU_run2_res-000-1004
perf_test_50VU_run2_user-1005,perf_test_50VU_run2_course-000-1005_#_perf_test_50VU_run2_res-000-1005
perf_test_50VU_run2_user-1006,perf_test_50VU_run2_course-000-1006_#_perf_test_50VU_run2_res-000-1006
perf_test_50VU_run2_user-1007,perf_test_50VU_run2_course-000-1007_#_perf_test_50VU_run2_res-000-1007
perf_test_50VU_run2_user-1008,perf_test_50VU_run2_course-000-1008_#_perf_test_50VU_run2_res-000-1008
perf_test_50VU_run2_user-1009,perf_test_50VU_run2_course-000-1009_#_perf_test_50VU_run2_res-000-1009
perf_test_50VU_run2_user-1010,perf_test_50VU_run2_course-000-1010_#_perf_test_50VU_run2_res-000-1010
perf_test_50VU_run2_user-1011,perf_test_50VU_run2_course-000-1011_#_perf_test_50VU_run2_res-000-1011
perf_test_50VU_run2_user-1012,perf_test_50VU_run2_course-000-1012_#_perf_test_50VU_run2_res-000-1012
perf_test_50VU_run2_user-1013,perf_test_50VU_run2_course-000-1013_#_perf_test_50VU_run2_res-000-1013
perf_test_50VU_run2_user-1014,perf_test_50VU_run2_course-000-1014_#_perf_test_50VU_run2_res-000-1014
perf_test_50VU_run2_user-1015,perf_test_50VU_run2_course-000-1015_#_perf_test_50VU_run2_res-000-1015
perf_test_50VU_run2_user-1016,perf_test_50VU_run2_course-000-1016_#_perf_test_50VU_run2_res-000-1016
perf_test_50VU_run2_user-1017,perf_test_50VU_run2_course-000-1017_#_perf_test_50VU_run2_res-000-1017
perf_test_50VU_run2_user-1018,perf_test_50VU_run2_course-000-1018_#_perf_test_50VU_run2_res-000-1018
perf_test_50VU_run2_user-1019,perf_test_50VU_run2_course-000-1019_#_perf_test_50VU_run2_res-000-1019
perf_test_50VU_run2_user-1020,perf_test_50VU_run2_course-000-1020_#_perf_test_50VU_run2_res-000-1020
perf_test_50VU_run2_user-1021,perf_test_50VU_run2_course-000-1021_#_perf_test_50VU_run2_res-000-1021
perf_test_50VU_run2_user-1022,perf_test_50VU_run2_course-000-1022_#_perf_test_50VU_run2_res-000-1022
perf_test_50VU_run2_user-1023,perf_test_50VU_run2_course-000-1023_#_perf_test_50VU_run2_res-000-1023
perf_test_50VU_run2_user-1024,perf_test_50VU_run2_course-000-1024_#_perf_test_50VU_run2_res-000-1024
perf_test_50VU_run2_user-1025,perf_test_50VU_run2_course-000-1025_#_perf_test_50VU_run2_res-000-1025
perf_test_50VU_run2_user-1026,perf_test_50VU_run2_course-000-1026_#_perf_test_50VU_run2_res-000-1026
perf_test_50VU_run2_user-1027,perf_test_50VU_run2_course-000-1027_#_perf_test_50VU_run2_res-000-1027
perf_test_50VU_run2_user-1028,perf_test_50VU_run2_course-000-1028_#_perf_test_50VU_run2_res-000-1028
perf_test_50VU_run2_user-1029,perf_test_50VU_run2_course-000-1029_#_perf_test_50VU_run2_res-000-1029
perf_test_50VU_run2_user-1030,perf_test_50VU_run2_course-000-1030_#_perf_test_50VU_run2_res-000-1030
perf_test_50VU_run2_user-1031,perf_test_50VU_run2_course-000-1031_#_perf_test_50VU_run2_res-000-1031
perf_test_50VU_run2_user-1032,perf_test_50VU_run2_course-000-1032_#_perf_test_50VU_run2_res-000-1032
perf_test_50VU_run2_user-1033,perf_test_50VU_run2_course-000-1033_#_perf_test_50VU_run2_res-000-1033
perf_test_50VU_run2_user-1034,perf_test_50VU_run2_course-000-1034_#_perf_test_50VU_run2_res-000-1034
perf_test_50VU_run2_user-1035,perf_test_50VU_run2_course-000-1035_#_perf_test_50VU_run2_res-000-1035
perf_test_50VU_run2_user-1036,perf_test_50VU_run2_course-000-1036_#_perf_test_50VU_run2_res-000-1036
perf_test_50VU_run2_user-1037,perf_test_50VU_run2_course-000-1037_#_perf_test_50VU_run2_res-000-1037
perf_test_50VU_run2_user-1038,perf_test_50VU_run2_course-000-1038_#_perf_test_50VU_run2_res-000-1038
perf_test_50VU_run2_user-1039,perf_test_50VU_run2_course-000-1039_#_perf_test_50VU_run2_res-000-1039
perf_test_50VU_run2_user-1040,perf_test_50VU_run2_course-000-1040_#_perf_test_50VU_run2_res-000-1040
perf_test_50VU_run2_user-1041,perf_test_50VU_run2_course-000-1041_#_perf_test_50VU_run2_res-000-1041
perf_test_50VU_run2_user-1042,perf_test_50VU_run2_course-000-1042_#_perf_test_50VU_run2_res-000-1042
perf_test_50VU_run2_user-1043,perf_test_50VU_run2_course-000-1043_#_perf_test_50VU_run2_res-000-1043
perf_test_50VU_run2_user-1044,perf_test_50VU_run2_course-000-1044_#_perf_test_50VU_run2_res-000-1044
perf_test_50VU_run2_user-1045,perf_test_50VU_run2_course-000-1045_#_perf_test_50VU_run2_res-000-1045
perf_test_50VU_run2_user-1046,perf_test_50VU_run2_course-000-1046_#_perf_test_50VU_run2_res-000-1046
perf_test_50VU_run2_user-1047,perf_test_50VU_run2_course-000-1047_#_perf_test_50VU_run2_res-000-1047
perf_test_50VU_run2_user-1048,perf_test_50VU_run2_course-000-1048_#_perf_test_50VU_run2_res-000-1048
perf_test_50VU_run2_user-1049,perf_test_50VU_run2_course-000-1049_#_perf_test_50VU_run2_res-000-1049
perf_test_50VU_run2_user-1050,perf_test_50VU_run2_course-000-1050_#_perf_test_50VU_run2_res-000-1050
perf_test_50VU_run2_user-1051,perf_test_50VU_run2_course-000-1051_#_perf_test_50VU_run2_res-000-1051
perf_test_50VU_run2_user-1052,perf_test_50VU_run2_course-000-1052_#_perf_test_50VU_run2_res-000-1052
perf_test_50VU_run2_user-1053,perf_test_50VU_run2_course-000-1053_#_perf_test_50VU_run2_res-000-1053
perf_test_50VU_run2_user-1054,perf_test_50VU_run2_course-000-1054_#_perf_test_50VU_run2_res-000-1054
perf_test_50VU_run2_user-1055,perf_test_50VU_run2_course-000-1055_#_perf_test_50VU_run2_res-000-1055
perf_test_50VU_run2_user-1056,perf_test_50VU_run2_course-000-1056_#_perf_test_50VU_run2_res-000-1056
perf_test_50VU_run2_user-1057,perf_test_50VU_run2_course-000-1057_#_perf_test_50VU_run2_res-000-1057
perf_test_50VU_run2_user-1058,perf_test_50VU_run2_course-000-1058_#_perf_test_50VU_run2_res-000-1058
perf_test_50VU_run2_user-1059,perf_test_50VU_run2_course-000-1059_#_perf_test_50VU_run2_res-000-1059
perf_test_50VU_run2_user-1060,perf_test_50VU_run2_course-000-1060_#_perf_test_50VU_run2_res-000-1060
perf_test_50VU_run2_user-1061,perf_test_50VU_run2_course-000-1061_#_perf_test_50VU_run2_res-000-1061
perf_test_50VU_run2_user-1062,perf_test_50VU_run2_course-000-1062_#_perf_test_50VU_run2_res-000-1062
perf_test_50VU_run2_user-1063,perf_test_50VU_run2_course-000-1063_#_perf_test_50VU_run2_res-000-1063
perf_test_50VU_run2_user-1064,perf_test_50VU_run2_course-000-1064_#_perf_test_50VU_run2_res-000-1064
perf_test_50VU_run2_user-1065,perf_test_50VU_run2_course-000-1065_#_perf_test_50VU_run2_res-000-1065
perf_test_50VU_run2_user-1066,perf_test_50VU_run2_course-000-1066_#_perf_test_50VU_run2_res-000-1066
perf_test_50VU_run2_user-1067,perf_test_50VU_run2_course-000-1067_#_perf_test_50VU_run2_res-000-1067
perf_test_50VU_run2_user-1068,perf_test_50VU_run2_course-000-1068_#_perf_test_50VU_run2_res-000-1068
perf_test_50VU_run2_user-1069,perf_test_50VU_run2_course-000-1069_#_perf_test_50VU_run2_res-000-1069
perf_test_50VU_run2_user-1070,perf_test_50VU_run2_course-000-1070_#_perf_test_50VU_run2_res-000-1070
perf_test_50VU_run2_user-1071,perf_test_50VU_run2_course-000-1071_#_perf_test_50VU_run2_res-000-1071
perf_test_50VU_run2_user-1072,perf_test_50VU_run2_course-000-1072_#_perf_test_50VU_run2_res-000-1072
perf_test_50VU_run2_user-1073,perf_test_50VU_run2_course-000-1073_#_perf_test_50VU_run2_res-000-1073
perf_test_50VU_run2_user-1074,perf_test_50VU_run2_course-000-1074_#_perf_test_50VU_run2_res-000-1074
perf_test_50VU_run2_user-1075,perf_test_50VU_run2_course-000-1075_#_perf_test_50VU_run2_res-000-1075
perf_test_50VU_run2_user-1076,perf_test_50VU_run2_course-000-1076_#_perf_test_50VU_run2_res-000-1076
perf_test_50VU_run2_user-1077,perf_test_50VU_run2_course-000-1077_#_perf_test_50VU_run2_res-000-1077
perf_test_50VU_run2_user-1078,perf_test_50VU_run2_course-000-1078_#_perf_test_50VU_run2_res-000-1078
perf_test_50VU_run2_user-1079,perf_test_50VU_run2_course-000-1079_#_perf_test_50VU_run2_res-000-1079
perf_test_50VU_run2_user-1080,perf_test_50VU_run2_course-000-1080_#_perf_test_50VU_run2_res-000-1080
perf_test_50VU_run2_user-1081,perf_test_50VU_run2_course-000-1081_#_perf_test_50VU_run2_res-000-1081
perf_test_50VU_run2_user-1082,perf_test_50VU_run2_course-000-1082_#_perf_test_50VU_run2_res-000-1082
perf_test_50VU_run2_user-1083,perf_test_50VU_run2_course-000-1083_#_perf_test_50VU_run2_res-000-1083
perf_test_50VU_run2_user-1084,perf_test_50VU_run2_course-000-1084_#_perf_test_50VU_run2_res-000-1084
perf_test_50VU_run2_user-1085,perf_test_50VU_run2_course-000-1085_#_perf_test_50VU_run2_res-000-1085
perf_test_50VU_run2_user-1086,perf_test_50VU_run2_course-000-1086_#_perf_test_50VU_run2_res-000-1086
perf_test_50VU_run2_user-1087,perf_test_50VU_run2_course-000-1087_#_perf_test_50VU_run2_res-000-1087
perf_test_50VU_run2_user-1088,perf_test_50VU_run2_course-000-1088_#_perf_test_50VU_run2_res-000-1088
perf_test_50VU_run2_user-1089,perf_test_50VU_run2_course-000-1089_#_perf_test_50VU_run2_res-000-1089
perf_test_50VU_run2_user-1090,perf_test_50VU_run2_course-000-1090_#_perf_test_50VU_run2_res-000-1090
perf_test_50VU_run2_user-1091,perf_test_50VU_run2_course-000-1091_#_perf_test_50VU_run2_res-000-1091
perf_test_50VU_run2_user-1092,perf_test_50VU_run2_course-000-1092_#_perf_test_50VU_run2_res-000-1092
perf_test_50VU_run2_user-1093,perf_test_50VU_run2_course-000-1093_#_perf_test_50VU_run2_res-000-1093
perf_test_50VU_run2_user-1094,perf_test_50VU_run2_course-000-1094_#_perf_test_50VU_run2_res-000-1094
perf_test_50VU_run2_user-1095,perf_test_50VU_run2_course-000-1095_#_perf_test_50VU_run2_res-000-1095
perf_test_50VU_run2_user-1096,perf_test_50VU_run2_course-000-1096_#_perf_test_50VU_run2_res-000-1096
perf_test_50VU_run2_user-1097,perf_test_50VU_run2_course-000-1097_#_perf_test_50VU_run2_res-000-1097
perf_test_50VU_run2_user-1098,perf_test_50VU_run2_course-000-1098_#_perf_test_50VU_run2_res-000-1098
perf_test_50VU_run2_user-1099,perf_test_50VU_run2_course-000-1099_#_perf_test_50VU_run2_res-000-1099
perf_test_50VU_run2_user-1100,perf_test_50VU_run2_course-000-1100_#_perf_test_50VU_run2_res-000-1100
perf_test_50VU_run2_user-1101,perf_test_50VU_run2_course-000-1101_#_perf_test_50VU_run2_res-000-1101
perf_test_50VU_run2_user-1102,perf_test_50VU_run2_course-000-1102_#_perf_test_50VU_run2_res-000-1102
perf_test_50VU_run2_user-1103,perf_test_50VU_run2_course-000-1103_#_perf_test_50VU_run2_res-000-1103
perf_test_50VU_run2_user-1104,perf_test_50VU_run2_course-000-1104_#_perf_test_50VU_run2_res-000-1104
perf_test_50VU_run2_user-1105,perf_test_50VU_run2_course-000-1105_#_perf_test_50VU_run2_res-000-1105
perf_test_50VU_run2_user-1106,perf_test_50VU_run2_course-000-1106_#_perf_test_50VU_run2_res-000-1106
perf_test_50VU_run2_user-1107,perf_test_50VU_run2_course-000-1107_#_perf_test_50VU_run2_res-000-1107
perf_test_50VU_run2_user-1108,perf_test_50VU_run2_course-000-1108_#_perf_test_50VU_run2_res-000-1108
perf_test_50VU_run2_user-1109,perf_test_50VU_run2_course-000-1109_#_perf_test_50VU_run2_res-000-1109
perf_test_50VU_run2_user-1110,perf_test_50VU_run2_course-000-1110_#_perf_test_50VU_run2_res-000-1110
perf_test_50VU_run2_user-1111,perf_test_50VU_run2_course-000-1111_#_perf_test_50VU_run2_res-000-1111
perf_test_50VU_run2_user-1112,perf_test_50VU_run2_course-000-1112_#_perf_test_50VU_run2_res-000-1112
perf_test_50VU_run2_user-1113,perf_test_50VU_run2_course-000-1113_#_perf_test_50VU_run2_res-000-1113
perf_test_50VU_run2_user-1114,perf_test_50VU_run2_course-000-1114_#_perf_test_50VU_run2_res-000-1114
perf_test_50VU_run2_user-1115,perf_test_50VU_run2_course-000-1115_#_perf_test_50VU_run2_res-000-1115
perf_test_50VU_run2_user-1116,perf_test_50VU_run2_course-000-1116_#_perf_test_50VU_run2_res-000-1116
perf_test_50VU_run2_user-1117,perf_test_50VU_run2_course-000-1117_#_perf_test_50VU_run2_res-000-1117
perf_test_50VU_run2_user-1118,perf_test_50VU_run2_course-000-1118_#_perf_test_50VU_run2_res-000-1118
perf_test_50VU_run2_user-1119,perf_test_50VU_run2_course-000-1119_#_perf_test_50VU_run2_res-000-1119
perf_test_50VU_run2_user-1120,perf_test_50VU_run2_course-000-1120_#_perf_test_50VU_run2_res-000-1120
perf_test_50VU_run2_user-1121,perf_test_50VU_run2_course-000-1121_#_perf_test_50VU_run2_res-000-1121
perf_test_50VU_run2_user-1122,perf_test_50VU_run2_course-000-1122_#_perf_test_50VU_run2_res-000-1122
perf_test_50VU_run2_user-1123,perf_test_50VU_run2_course-000-1123_#_perf_test_50VU_run2_res-000-1123
perf_test_50VU_run2_user-1124,perf_test_50VU_run2_course-000-1124_#_perf_test_50VU_run2_res-000-1124
perf_test_50VU_run2_user-1125,perf_test_50VU_run2_course-000-1125_#_perf_test_50VU_run2_res-000-1125
perf_test_50VU_run2_user-1126,perf_test_50VU_run2_course-000-1126_#_perf_test_50VU_run2_res-000-1126
perf_test_50VU_run2_user-1127,perf_test_50VU_run2_course-000-1127_#_perf_test_50VU_run2_res-000-1127
perf_test_50VU_run2_user-1128,perf_test_50VU_run2_course-000-1128_#_perf_test_50VU_run2_res-000-1128
perf_test_50VU_run2_user-1129,perf_test_50VU_run2_course-000-1129_#_perf_test_50VU_run2_res-000-1129
perf_test_50VU_run2_user-1130,perf_test_50VU_run2_course-000-1130_#_perf_test_50VU_run2_res-000-1130
perf_test_50VU_run2_user-1131,perf_test_50VU_run2_course-000-1131_#_perf_test_50VU_run2_res-000-1131
perf_test_50VU_run2_user-1132,perf_test_50VU_run2_course-000-1132_#_perf_test_50VU_run2_res-000-1132
perf_test_50VU_run2_user-1133,perf_test_50VU_run2_course-000-1133_#_perf_test_50VU_run2_res-000-1133
perf_test_50VU_run2_user-1134,perf_test_50VU_run2_course-000-1134_#_perf_test_50VU_run2_res-000-1134
perf_test_50VU_run2_user-1135,perf_test_50VU_run2_course-000-1135_#_perf_test_50VU_run2_res-000-1135
perf_test_50VU_run2_user-1136,perf_test_50VU_run2_course-000-1136_#_perf_test_50VU_run2_res-000-1136
perf_test_50VU_run2_user-1137,perf_test_50VU_run2_course-000-1137_#_perf_test_50VU_run2_res-000-1137
perf_test_50VU_run2_user-1138,perf_test_50VU_run2_course-000-1138_#_perf_test_50VU_run2_res-000-1138
perf_test_50VU_run2_user-1139,perf_test_50VU_run2_course-000-1139_#_perf_test_50VU_run2_res-000-1139
perf_test_50VU_run2_user-1140,perf_test_50VU_run2_course-000-1140_#_perf_test_50VU_run2_res-000-1140
perf_test_50VU_run2_user-1141,perf_test_50VU_run2_course-000-1141_#_perf_test_50VU_run2_res-000-1141
perf_test_50VU_run2_user-1142,perf_test_50VU_run2_course-000-1142_#_perf_test_50VU_run2_res-000-1142
perf_test_50VU_run2_user-1143,perf_test_50VU_run2_course-000-1143_#_perf_test_50VU_run2_res-000-1143
perf_test_50VU_run2_user-1144,perf_test_50VU_run2_course-000-1144_#_perf_test_50VU_run2_res-000-1144
perf_test_50VU_run2_user-1145,perf_test_50VU_run2_course-000-1145_#_perf_test_50VU_run2_res-000-1145
perf_test_50VU_run2_user-1146,perf_test_50VU_run2_course-000-1146_#_perf_test_50VU_run2_res-000-1146
perf_test_50VU_run2_user-1147,perf_test_50VU_run2_course-000-1147_#_perf_test_50VU_run2_res-000-1147
perf_test_50VU_run2_user-1148,perf_test_50VU_run2_course-000-1148_#_perf_test_50VU_run2_res-000-1148
perf_test_50VU_run2_user-1149,perf_test_50VU_run2_course-000-1149_#_perf_test_50VU_run2_res-000-1149
perf_test_50VU_run2_user-1150,perf_test_50VU_run2_course-000-1150_#_perf_test_50VU_run2_res-000-1150
perf_test_50VU_run2_user-1151,perf_test_50VU_run2_course-000-1151_#_perf_test_50VU_run2_res-000-1151
perf_test_50VU_run2_user-1152,perf_test_50VU_run2_course-000-1152_#_perf_test_50VU_run2_res-000-1152
perf_test_50VU_run2_user-1153,perf_test_50VU_run2_course-000-1153_#_perf_test_50VU_run2_res-000-1153
perf_test_50VU_run2_user-1154,perf_test_50VU_run2_course-000-1154_#_perf_test_50VU_run2_res-000-1154
perf_test_50VU_run2_user-1155,perf_test_50VU_run2_course-000-1155_#_perf_test_50VU_run2_res-000-1155
perf_test_50VU_run2_user-1156,perf_test_50VU_run2_course-000-1156_#_perf_test_50VU_run2_res-000-1156
perf_test_50VU_run2_user-1157,perf_test_50VU_run2_course-000-1157_#_perf_test_50VU_run2_res-000-1157
perf_test_50VU_run2_user-1158,perf_test_50VU_run2_course-000-1158_#_perf_test_50VU_run2_res-000-1158
perf_test_50VU_run2_user-1159,perf_test_50VU_run2_course-000-1159_#_perf_test_50VU_run2_res-000-1159
perf_test_50VU_run2_user-1160,perf_test_50VU_run2_course-000-1160_#_perf_test_50VU_run2_res-000-1160
perf_test_50VU_run2_user-1161,perf_test_50VU_run2_course-000-1161_#_perf_test_50VU_run2_res-000-1161
perf_test_50VU_run2_user-1162,perf_test_50VU_run2_course-000-1162_#_perf_test_50VU_run2_res-000-1162
perf_test_50VU_run2_user-1163,perf_test_50VU_run2_course-000-1163_#_perf_test_50VU_run2_res-000-1163
perf_test_50VU_run2_user-1164,perf_test_50VU_run2_course-000-1164_#_perf_test_50VU_run2_res-000-1164
perf_test_50VU_run2_user-1165,perf_test_50VU_run2_course-000-1165_#_perf_test_50VU_run2_res-000-1165
perf_test_50VU_run2_user-1166,perf_test_50VU_run2_course-000-1166_#_perf_test_50VU_run2_res-000-1166
perf_test_50VU_run2_user-1167,perf_test_50VU_run2_course-000-1167_#_perf_test_50VU_run2_res-000-1167
perf_test_50VU_run2_user-1168,perf_test_50VU_run2_course-000-1168_#_perf_test_50VU_run2_res-000-1168
perf_test_50VU_run2_user-1169,perf_test_50VU_run2_course-000-1169_#_perf_test_50VU_run2_res-000-1169
perf_test_50VU_run2_user-1170,perf_test_50VU_run2_course-000-1170_#_perf_test_50VU_run2_res-000-1170
perf_test_50VU_run2_user-1171,perf_test_50VU_run2_course-000-1171_#_perf_test_50VU_run2_res-000-1171
perf_test_50VU_run2_user-1172,perf_test_50VU_run2_course-000-1172_#_perf_test_50VU_run2_res-000-1172
perf_test_50VU_run2_user-1173,perf_test_50VU_run2_course-000-1173_#_perf_test_50VU_run2_res-000-1173
perf_test_50VU_run2_user-1174,perf_test_50VU_run2_course-000-1174_#_perf_test_50VU_run2_res-000-1174
perf_test_50VU_run2_user-1175,perf_test_50VU_run2_course-000-1175_#_perf_test_50VU_run2_res-000-1175
perf_test_50VU_run2_user-1176,perf_test_50VU_run2_course-000-1176_#_perf_test_50VU_run2_res-000-1176
perf_test_50VU_run2_user-1177,perf_test_50VU_run2_course-000-1177_#_perf_test_50VU_run2_res-000-1177
perf_test_50VU_run2_user-1178,perf_test_50VU_run2_course-000-1178_#_perf_test_50VU_run2_res-000-1178
perf_test_50VU_run2_user-1179,perf_test_50VU_run2_course-000-1179_#_perf_test_50VU_run2_res-000-1179
perf_test_50VU_run2_user-1180,perf_test_50VU_run2_course-000-1180_#_perf_test_50VU_run2_res-000-1180
perf_test_50VU_run2_user-1181,perf_test_50VU_run2_course-000-1181_#_perf_test_50VU_run2_res-000-1181
perf_test_50VU_run2_user-1182,perf_test_50VU_run2_course-000-1182_#_perf_test_50VU_run2_res-000-1182
perf_test_50VU_run2_user-1183,perf_test_50VU_run2_course-000-1183_#_perf_test_50VU_run2_res-000-1183
perf_test_50VU_run2_user-1184,perf_test_50VU_run2_course-000-1184_#_perf_test_50VU_run2_res-000-1184
perf_test_50VU_run2_user-1185,perf_test_50VU_run2_course-000-1185_#_perf_test_50VU_run2_res-000-1185
perf_test_50VU_run2_user-1186,perf_test_50VU_run2_course-000-1186_#_perf_test_50VU_run2_res-000-1186
perf_test_50VU_run2_user-1187,perf_test_50VU_run2_course-000-1187_#_perf_test_50VU_run2_res-000-1187
perf_test_50VU_run2_user-1188,perf_test_50VU_run2_course-000-1188_#_perf_test_50VU_run2_res-000-1188
perf_test_50VU_run2_user-1189,perf_test_50VU_run2_course-000-1189_#_perf_test_50VU_run2_res-000-1189
perf_test_50VU_run2_user-1190,perf_test_50VU_run2_course-000-1190_#_perf_test_50VU_run2_res-000-1190
perf_test_50VU_run2_user-1191,perf_test_50VU_run2_course-000-1191_#_perf_test_50VU_run2_res-000-1191
perf_test_50VU_run2_user-1192,perf_test_50VU_run2_course-000-1192_#_perf_test_50VU_run2_res-000-1192
perf_test_50VU_run2_user-1193,perf_test_50VU_run2_course-000-1193_#_perf_test_50VU_run2_res-000-1193
perf_test_50VU_run2_user-1194,perf_test_50VU_run2_course-000-1194_#_perf_test_50VU_run2_res-000-1194
perf_test_50VU_run2_user-1195,perf_test_50VU_run2_course-000-1195_#_perf_test_50VU_run2_res-000-1195
perf_test_50VU_run2_user-1196,perf_test_50VU_run2_course-000-1196_#_perf_test_50VU_run2_res-000-1196
perf_test_50VU_run2_user-1197,perf_test_50VU_run2_course-000-1197_#_perf_test_50VU_run2_res-000-1197
perf_test_50VU_run2_user-1198,perf_test_50VU_run2_course-000-1198_#_perf_test_50VU_run2_res-000-1198
perf_test_50VU_run2_user-1199,perf_test_50VU_run2_course-000-1199_#_perf_test_50VU_run2_res-000-1199
perf_test_50VU_run2_user-1200,perf_test_50VU_run2_course-000-1200_#_perf_test_50VU_run2_res-000-1200
perf_test_50VU_run2_user-1201,perf_test_50VU_run2_course-000-1201_#_perf_test_50VU_run2_res-000-1201
perf_test_50VU_run2_user-1202,perf_test_50VU_run2_course-000-1202_#_perf_test_50VU_run2_res-000-1202
perf_test_50VU_run2_user-1203,perf_test_50VU_run2_course-000-1203_#_perf_test_50VU_run2_res-000-1203
perf_test_50VU_run2_user-1204,perf_test_50VU_run2_course-000-1204_#_perf_test_50VU_run2_res-000-1204
perf_test_50VU_run2_user-1205,perf_test_50VU_run2_course-000-1205_#_perf_test_50VU_run2_res-000-1205
perf_test_50VU_run2_user-1206,perf_test_50VU_run2_course-000-1206_#_perf_test_50VU_run2_res-000-1206
perf_test_50VU_run2_user-1207,perf_test_50VU_run2_course-000-1207_#_perf_test_50VU_run2_res-000-1207
perf_test_50VU_run2_user-1208,perf_test_50VU_run2_course-000-1208_#_perf_test_50VU_run2_res-000-1208
perf_test_50VU_run2_user-1209,perf_test_50VU_run2_course-000-1209_#_perf_test_50VU_run2_res-000-1209
perf_test_50VU_run2_user-1210,perf_test_50VU_run2_course-000-1210_#_perf_test_50VU_run2_res-000-1210
perf_test_50VU_run2_user-1211,perf_test_50VU_run2_course-000-1211_#_perf_test_50VU_run2_res-000-1211
perf_test_50VU_run2_user-1212,perf_test_50VU_run2_course-000-1212_#_perf_test_50VU_run2_res-000-1212
perf_test_50VU_run2_user-1213,perf_test_50VU_run2_course-000-1213_#_perf_test_50VU_run2_res-000-1213
perf_test_50VU_run2_user-1214,perf_test_50VU_run2_course-000-1214_#_perf_test_50VU_run2_res-000-1214
perf_test_50VU_run2_user-1215,perf_test_50VU_run2_course-000-1215_#_perf_test_50VU_run2_res-000-1215
perf_test_50VU_run2_user-1216,perf_test_50VU_run2_course-000-1216_#_perf_test_50VU_run2_res-000-1216
perf_test_50VU_run2_user-1217,perf_test_50VU_run2_course-000-1217_#_perf_test_50VU_run2_res-000-1217
perf_test_50VU_run2_user-1218,perf_test_50VU_run2_course-000-1218_#_perf_test_50VU_run2_res-000-1218
perf_test_50VU_run2_user-1219,perf_test_50VU_run2_course-000-1219_#_perf_test_50VU_run2_res-000-1219
perf_test_50VU_run2_user-1220,perf_test_50VU_run2_course-000-1220_#_perf_test_50VU_run2_res-000-1220
perf_test_50VU_run2_user-1221,perf_test_50VU_run2_course-000-1221_#_perf_test_50VU_run2_res-000-1221
perf_test_50VU_run2_user-1222,perf_test_50VU_run2_course-000-1222_#_perf_test_50VU_run2_res-000-1222
perf_test_50VU_run2_user-1223,perf_test_50VU_run2_course-000-1223_#_perf_test_50VU_run2_res-000-1223
perf_test_50VU_run2_user-1224,perf_test_50VU_run2_course-000-1224_#_perf_test_50VU_run2_res-000-1224
perf_test_50VU_run2_user-1225,perf_test_50VU_run2_course-000-1225_#_perf_test_50VU_run2_res-000-1225
perf_test_50VU_run2_user-1226,perf_test_50VU_run2_course-000-1226_#_perf_test_50VU_run2_res-000-1226
perf_test_50VU_run2_user-1227,perf_test_50VU_run2_course-000-1227_#_perf_test_50VU_run2_res-000-1227
perf_test_50VU_run2_user-1228,perf_test_50VU_run2_course-000-1228_#_perf_test_50VU_run2_res-000-1228
perf_test_50VU_run2_user-1229,perf_test_50VU_run2_course-000-1229_#_perf_test_50VU_run2_res-000-1229
perf_test_50VU_run2_user-1230,perf_test_50VU_run2_course-000-1230_#_perf_test_50VU_run2_res-000-1230
perf_test_50VU_run2_user-1231,perf_test_50VU_run2_course-000-1231_#_perf_test_50VU_run2_res-000-1231
perf_test_50VU_run2_user-1232,perf_test_50VU_run2_course-000-1232_#_perf_test_50VU_run2_res-000-1232
perf_test_50VU_run2_user-1233,perf_test_50VU_run2_course-000-1233_#_perf_test_50VU_run2_res-000-1233
perf_test_50VU_run2_user-1234,perf_test_50VU_run2_course-000-1234_#_perf_test_50VU_run2_res-000-1234
perf_test_50VU_run2_user-1235,perf_test_50VU_run2_course-000-1235_#_perf_test_50VU_run2_res-000-1235
perf_test_50VU_run2_user-1236,perf_test_50VU_run2_course-000-1236_#_perf_test_50VU_run2_res-000-1236
perf_test_50VU_run2_user-1237,perf_test_50VU_run2_course-000-1237_#_perf_test_50VU_run2_res-000-1237
perf_test_50VU_run2_user-1238,perf_test_50VU_run2_course-000-1238_#_perf_test_50VU_run2_res-000-1238
perf_test_50VU_run2_user-1239,perf_test_50VU_run2_course-000-1239_#_perf_test_50VU_run2_res-000-1239
perf_test_50VU_run2_user-1240,perf_test_50VU_run2_course-000-1240_#_perf_test_50VU_run2_res-000-1240
perf_test_50VU_run2_user-1241,perf_test_50VU_run2_course-000-1241_#_perf_test_50VU_run2_res-000-1241
perf_test_50VU_run2_user-1242,perf_test_50VU_run2_course-000-1242_#_perf_test_50VU_run2_res-000-1242
perf_test_50VU_run2_user-1243,perf_test_50VU_run2_course-000-1243_#_perf_test_50VU_run2_res-000-1243
perf_test_50VU_run2_user-1244,perf_test_50VU_run2_course-000-1244_#_perf_test_50VU_run2_res-000-1244
perf_test_50VU_run2_user-1245,perf_test_50VU_run2_course-000-1245_#_perf_test_50VU_run2_res-000-1245
perf_test_50VU_run2_user-1246,perf_test_50VU_run2_course-000-1246_#_perf_test_50VU_run2_res-000-1246
perf_test_50VU_run2_user-1247,perf_test_50VU_run2_course-000-1247_#_perf_test_50VU_run2_res-000-1247
perf_test_50VU_run2_user-1248,perf_test_50VU_run2_course-000-1248_#_perf_test_50VU_run2_res-000-1248
perf_test_50VU_run2_user-1249,perf_test_50VU_run2_course-000-1249_#_perf_test_50VU_run2_res-000-1249
perf_test_50VU_run2_user-1250,perf_test_50VU_run2_course-000-1250_#_perf_test_50VU_run2_res-000-1250
perf_test_50VU_run2_user-1251,perf_test_50VU_run2_course-000-1251_#_perf_test_50VU_run2_res-000-1251
perf_test_50VU_run2_user-1252,perf_test_50VU_run2_course-000-1252_#_perf_test_50VU_run2_res-000-1252
perf_test_50VU_run2_user-1253,perf_test_50VU_run2_course-000-1253_#_perf_test_50VU_run2_res-000-1253
perf_test_50VU_run2_user-1254,perf_test_50VU_run2_course-000-1254_#_perf_test_50VU_run2_res-000-1254
perf_test_50VU_run2_user-1255,perf_test_50VU_run2_course-000-1255_#_perf_test_50VU_run2_res-000-1255
perf_test_50VU_run2_user-1256,perf_test_50VU_run2_course-000-1256_#_perf_test_50VU_run2_res-000-1256
perf_test_50VU_run2_user-1257,perf_test_50VU_run2_course-000-1257_#_perf_test_50VU_run2_res-000-1257
perf_test_50VU_run2_user-1258,perf_test_50VU_run2_course-000-1258_#_perf_test_50VU_run2_res-000-1258
perf_test_50VU_run2_user-1259,perf_test_50VU_run2_course-000-1259_#_perf_test_50VU_run2_res-000-1259
perf_test_50VU_run2_user-1260,perf_test_50VU_run2_course-000-1260_#_perf_test_50VU_run2_res-000-1260
perf_test_50VU_run2_user-1261,perf_test_50VU_run2_course-000-1261_#_perf_test_50VU_run2_res-000-1261
perf_test_50VU_run2_user-1262,perf_test_50VU_run2_course-000-1262_#_perf_test_50VU_run2_res-000-1262
perf_test_50VU_run2_user-1263,perf_test_50VU_run2_course-000-1263_#_perf_test_50VU_run2_res-000-1263
perf_test_50VU_run2_user-1264,perf_test_50VU_run2_course-000-1264_#_perf_test_50VU_run2_res-000-1264
perf_test_50VU_run2_user-1265,perf_test_50VU_run2_course-000-1265_#_perf_test_50VU_run2_res-000-1265
perf_test_50VU_run2_user-1266,perf_test_50VU_run2_course-000-1266_#_perf_test_50VU_run2_res-000-1266
perf_test_50VU_run2_user-1267,perf_test_50VU_run2_course-000-1267_#_perf_test_50VU_run2_res-000-1267
perf_test_50VU_run2_user-1268,perf_test_50VU_run2_course-000-1268_#_perf_test_50VU_run2_res-000-1268
perf_test_50VU_run2_user-1269,perf_test_50VU_run2_course-000-1269_#_perf_test_50VU_run2_res-000-1269
perf_test_50VU_run2_user-1270,perf_test_50VU_run2_course-000-1270_#_perf_test_50VU_run2_res-000-1270
perf_test_50VU_run2_user-1271,perf_test_50VU_run2_course-000-1271_#_perf_test_50VU_run2_res-000-1271
perf_test_50VU_run2_user-1272,perf_test_50VU_run2_course-000-1272_#_perf_test_50VU_run2_res-000-1272
perf_test_50VU_run2_user-1273,perf_test_50VU_run2_course-000-1273_#_perf_test_50VU_run2_res-000-1273
perf_test_50VU_run2_user-1274,perf_test_50VU_run2_course-000-1274_#_perf_test_50VU_run2_res-000-1274
perf_test_50VU_run2_user-1275,perf_test_50VU_run2_course-000-1275_#_perf_test_50VU_run2_res-000-1275
perf_test_50VU_run2_user-1276,perf_test_50VU_run2_course-000-1276_#_perf_test_50VU_run2_res-000-1276
perf_test_50VU_run2_user-1277,perf_test_50VU_run2_course-000-1277_#_perf_test_50VU_run2_res-000-1277
perf_test_50VU_run2_user-1278,perf_test_50VU_run2_course-000-1278_#_perf_test_50VU_run2_res-000-1278
perf_test_50VU_run2_user-1279,perf_test_50VU_run2_course-000-1279_#_perf_test_50VU_run2_res-000-1279
perf_test_50VU_run2_user-1280,perf_test_50VU_run2_course-000-1280_#_perf_test_50VU_run2_res-000-1280
perf_test_50VU_run2_user-1281,perf_test_50VU_run2_course-000-1281_#_perf_test_50VU_run2_res-000-1281
perf_test_50VU_run2_user-1282,perf_test_50VU_run2_course-000-1282_#_perf_test_50VU_run2_res-000-1282
perf_test_50VU_run2_user-1283,perf_test_50VU_run2_course-000-1283_#_perf_test_50VU_run2_res-000-1283
perf_test_50VU_run2_user-1284,perf_test_50VU_run2_course-000-1284_#_perf_test_50VU_run2_res-000-1284
perf_test_50VU_run2_user-1285,perf_test_50VU_run2_course-000-1285_#_perf_test_50VU_run2_res-000-1285
perf_test_50VU_run2_user-1286,perf_test_50VU_run2_course-000-1286_#_perf_test_50VU_run2_res-000-1286
perf_test_50VU_run2_user-1287,perf_test_50VU_run2_course-000-1287_#_perf_test_50VU_run2_res-000-1287
perf_test_50VU_run2_user-1288,perf_test_50VU_run2_course-000-1288_#_perf_test_50VU_run2_res-000-1288
perf_test_50VU_run2_user-1289,perf_test_50VU_run2_course-000-1289_#_perf_test_50VU_run2_res-000-1289
perf_test_50VU_run2_user-1290,perf_test_50VU_run2_course-000-1290_#_perf_test_50VU_run2_res-000-1290
perf_test_50VU_run2_user-1291,perf_test_50VU_run2_course-000-1291_#_perf_test_50VU_run2_res-000-1291
perf_test_50VU_run2_user-1292,perf_test_50VU_run2_course-000-1292_#_perf_test_50VU_run2_res-000-1292
perf_test_50VU_run2_user-1293,perf_test_50VU_run2_course-000-1293_#_perf_test_50VU_run2_res-000-1293
perf_test_50VU_run2_user-1294,perf_test_50VU_run2_course-000-1294_#_perf_test_50VU_run2_res-000-1294
perf_test_50VU_run2_user-1295,perf_test_50VU_run2_course-000-1295_#_perf_test_50VU_run2_res-000-1295
perf_test_50VU_run2_user-1296,perf_test_50VU_run2_course-000-1296_#_perf_test_50VU_run2_res-000-1296
perf_test_50VU_run2_user-1297,perf_test_50VU_run2_course-000-1297_#_perf_test_50VU_run2_res-000-1297
perf_test_50VU_run2_user-1298,perf_test_50VU_run2_course-000-1298_#_perf_test_50VU_run2_res-000-1298
perf_test_50VU_run2_user-1299,perf_test_50VU_run2_course-000-1299_#_perf_test_50VU_run2_res-000-1299
perf_test_50VU_run2_user-1300,perf_test_50VU_run2_course-000-1300_#_perf_test_50VU_run2_res-000-1300
perf_test_50VU_run2_user-1301,perf_test_50VU_run2_course-000-1301_#_perf_test_50VU_run2_res-000-1301
perf_test_50VU_run2_user-1302,perf_test_50VU_run2_course-000-1302_#_perf_test_50VU_run2_res-000-1302
perf_test_50VU_run2_user-1303,perf_test_50VU_run2_course-000-1303_#_perf_test_50VU_run2_res-000-1303
perf_test_50VU_run2_user-1304,perf_test_50VU_run2_course-000-1304_#_perf_test_50VU_run2_res-000-1304
perf_test_50VU_run2_user-1305,perf_test_50VU_run2_course-000-1305_#_perf_test_50VU_run2_res-000-1305
perf_test_50VU_run2_user-1306,perf_test_50VU_run2_course-000-1306_#_perf_test_50VU_run2_res-000-1306
perf_test_50VU_run2_user-1307,perf_test_50VU_run2_course-000-1307_#_perf_test_50VU_run2_res-000-1307
perf_test_50VU_run2_user-1308,perf_test_50VU_run2_course-000-1308_#_perf_test_50VU_run2_res-000-1308
perf_test_50VU_run2_user-1309,perf_test_50VU_run2_course-000-1309_#_perf_test_50VU_run2_res-000-1309
perf_test_50VU_run2_user-1310,perf_test_50VU_run2_course-000-1310_#_perf_test_50VU_run2_res-000-1310
perf_test_50VU_run2_user-1311,perf_test_50VU_run2_course-000-1311_#_perf_test_50VU_run2_res-000-1311
perf_test_50VU_run2_user-1312,perf_test_50VU_run2_course-000-1312_#_perf_test_50VU_run2_res-000-1312
perf_test_50VU_run2_user-1313,perf_test_50VU_run2_course-000-1313_#_perf_test_50VU_run2_res-000-1313
perf_test_50VU_run2_user-1314,perf_test_50VU_run2_course-000-1314_#_perf_test_50VU_run2_res-000-1314
perf_test_50VU_run2_user-1315,perf_test_50VU_run2_course-000-1315_#_perf_test_50VU_run2_res-000-1315
perf_test_50VU_run2_user-1316,perf_test_50VU_run2_course-000-1316_#_perf_test_50VU_run2_res-000-1316
perf_test_50VU_run2_user-1317,perf_test_50VU_run2_course-000-1317_#_perf_test_50VU_run2_res-000-1317
perf_test_50VU_run2_user-1318,perf_test_50VU_run2_course-000-1318_#_perf_test_50VU_run2_res-000-1318
perf_test_50VU_run2_user-1319,perf_test_50VU_run2_course-000-1319_#_perf_test_50VU_run2_res-000-1319
perf_test_50VU_run2_user-1320,perf_test_50VU_run2_course-000-1320_#_perf_test_50VU_run2_res-000-1320
perf_test_50VU_run2_user-1321,perf_test_50VU_run2_course-000-1321_#_perf_test_50VU_run2_res-000-1321
perf_test_50VU_run2_user-1322,perf_test_50VU_run2_course-000-1322_#_perf_test_50VU_run2_res-000-1322
perf_test_50VU_run2_user-1323,perf_test_50VU_run2_course-000-1323_#_perf_test_50VU_run2_res-000-1323
perf_test_50VU_run2_user-1324,perf_test_50VU_run2_course-000-1324_#_perf_test_50VU_run2_res-000-1324
perf_test_50VU_run2_user-1325,perf_test_50VU_run2_course-000-1325_#_perf_test_50VU_run2_res-000-1325
perf_test_50VU_run2_user-1326,perf_test_50VU_run2_course-000-1326_#_perf_test_50VU_run2_res-000-1326
perf_test_50VU_run2_user-1327,perf_test_50VU_run2_course-000-1327_#_perf_test_50VU_run2_res-000-1327
perf_test_50VU_run2_user-1328,perf_test_50VU_run2_course-000-1328_#_perf_test_50VU_run2_res-000-1328
perf_test_50VU_run2_user-1329,perf_test_50VU_run2_course-000-1329_#_perf_test_50VU_run2_res-000-1329
perf_test_50VU_run2_user-1330,perf_test_50VU_run2_course-000-1330_#_perf_test_50VU_run2_res-000-1330
perf_test_50VU_run2_user-1331,perf_test_50VU_run2_course-000-1331_#_perf_test_50VU_run2_res-000-1331
perf_test_50VU_run2_user-1332,perf_test_50VU_run2_course-000-1332_#_perf_test_50VU_run2_res-000-1332
perf_test_50VU_run2_user-1333,perf_test_50VU_run2_course-000-1333_#_perf_test_50VU_run2_res-000-1333
perf_test_50VU_run2_user-1334,perf_test_50VU_run2_course-000-1334_#_perf_test_50VU_run2_res-000-1334
perf_test_50VU_run2_user-1335,perf_test_50VU_run2_course-000-1335_#_perf_test_50VU_run2_res-000-1335
perf_test_50VU_run2_user-1336,perf_test_50VU_run2_course-000-1336_#_perf_test_50VU_run2_res-000-1336
perf_test_50VU_run2_user-1337,perf_test_50VU_run2_course-000-1337_#_perf_test_50VU_run2_res-000-1337
perf_test_50VU_run2_user-1338,perf_test_50VU_run2_course-000-1338_#_perf_test_50VU_run2_res-000-1338
perf_test_50VU_run2_user-1339,perf_test_50VU_run2_course-000-1339_#_perf_test_50VU_run2_res-000-1339
perf_test_50VU_run2_user-1340,perf_test_50VU_run2_course-000-1340_#_perf_test_50VU_run2_res-000-1340
perf_test_50VU_run2_user-1341,perf_test_50VU_run2_course-000-1341_#_perf_test_50VU_run2_res-000-1341
perf_test_50VU_run2_user-1342,perf_test_50VU_run2_course-000-1342_#_perf_test_50VU_run2_res-000-1342
perf_test_50VU_run2_user-1343,perf_test_50VU_run2_course-000-1343_#_perf_test_50VU_run2_res-000-1343
perf_test_50VU_run2_user-1344,perf_test_50VU_run2_course-000-1344_#_perf_test_50VU_run2_res-000-1344
perf_test_50VU_run2_user-1345,perf_test_50VU_run2_course-000-1345_#_perf_test_50VU_run2_res-000-1345
perf_test_50VU_run2_user-1346,perf_test_50VU_run2_course-000-1346_#_perf_test_50VU_run2_res-000-1346
perf_test_50VU_run2_user-1347,perf_test_50VU_run2_course-000-1347_#_perf_test_50VU_run2_res-000-1347
perf_test_50VU_run2_user-1348,perf_test_50VU_run2_course-000-1348_#_perf_test_50VU_run2_res-000-1348
perf_test_50VU_run2_user-1349,perf_test_50VU_run2_course-000-1349_#_perf_test_50VU_run2_res-000-1349
perf_test_50VU_run2_user-1350,perf_test_50VU_run2_course-000-1350_#_perf_test_50VU_run2_res-000-1350
perf_test_50VU_run2_user-1351,perf_test_50VU_run2_course-000-1351_#_perf_test_50VU_run2_res-000-1351
perf_test_50VU_run2_user-1352,perf_test_50VU_run2_course-000-1352_#_perf_test_50VU_run2_res-000-1352
perf_test_50VU_run2_user-1353,perf_test_50VU_run2_course-000-1353_#_perf_test_50VU_run2_res-000-1353
perf_test_50VU_run2_user-1354,perf_test_50VU_run2_course-000-1354_#_perf_test_50VU_run2_res-000-1354
perf_test_50VU_run2_user-1355,perf_test_50VU_run2_course-000-1355_#_perf_test_50VU_run2_res-000-1355
perf_test_50VU_run2_user-1356,perf_test_50VU_run2_course-000-1356_#_perf_test_50VU_run2_res-000-1356
perf_test_50VU_run2_user-1357,perf_test_50VU_run2_course-000-1357_#_perf_test_50VU_run2_res-000-1357
perf_test_50VU_run2_user-1358,perf_test_50VU_run2_course-000-1358_#_perf_test_50VU_run2_res-000-1358
perf_test_50VU_run2_user-1359,perf_test_50VU_run2_course-000-1359_#_perf_test_50VU_run2_res-000-1359
perf_test_50VU_run2_user-1360,perf_test_50VU_run2_course-000-1360_#_perf_test_50VU_run2_res-000-1360
perf_test_50VU_run2_user-1361,perf_test_50VU_run2_course-000-1361_#_perf_test_50VU_run2_res-000-1361
perf_test_50VU_run2_user-1362,perf_test_50VU_run2_course-000-1362_#_perf_test_50VU_run2_res-000-1362
perf_test_50VU_run2_user-1363,perf_test_50VU_run2_course-000-1363_#_perf_test_50VU_run2_res-000-1363
perf_test_50VU_run2_user-1364,perf_test_50VU_run2_course-000-1364_#_perf_test_50VU_run2_res-000-1364
perf_test_50VU_run2_user-1365,perf_test_50VU_run2_course-000-1365_#_perf_test_50VU_run2_res-000-1365
perf_test_50VU_run2_user-1366,perf_test_50VU_run2_course-000-1366_#_perf_test_50VU_run2_res-000-1366
perf_test_50VU_run2_user-1367,perf_test_50VU_run2_course-000-1367_#_perf_test_50VU_run2_res-000-1367
perf_test_50VU_run2_user-1368,perf_test_50VU_run2_course-000-1368_#_perf_test_50VU_run2_res-000-1368
perf_test_50VU_run2_user-1369,perf_test_50VU_run2_course-000-1369_#_perf_test_50VU_run2_res-000-1369
perf_test_50VU_run2_user-1370,perf_test_50VU_run2_course-000-1370_#_perf_test_50VU_run2_res-000-1370
perf_test_50VU_run2_user-1371,perf_test_50VU_run2_course-000-1371_#_perf_test_50VU_run2_res-000-1371
perf_test_50VU_run2_user-1372,perf_test_50VU_run2_course-000-1372_#_perf_test_50VU_run2_res-000-1372
perf_test_50VU_run2_user-1373,perf_test_50VU_run2_course-000-1373_#_perf_test_50VU_run2_res-000-1373
perf_test_50VU_run2_user-1374,perf_test_50VU_run2_course-000-1374_#_perf_test_50VU_run2_res-000-1374
perf_test_50VU_run2_user-1375,perf_test_50VU_run2_course-000-1375_#_perf_test_50VU_run2_res-000-1375
perf_test_50VU_run2_user-1376,perf_test_50VU_run2_course-000-1376_#_perf_test_50VU_run2_res-000-1376
perf_test_50VU_run2_user-1377,perf_test_50VU_run2_course-000-1377_#_perf_test_50VU_run2_res-000-1377
perf_test_50VU_run2_user-1378,perf_test_50VU_run2_course-000-1378_#_perf_test_50VU_run2_res-000-1378
perf_test_50VU_run2_user-1379,perf_test_50VU_run2_course-000-1379_#_perf_test_50VU_run2_res-000-1379
perf_test_50VU_run2_user-1380,perf_test_50VU_run2_course-000-1380_#_perf_test_50VU_run2_res-000-1380
perf_test_50VU_run2_user-1381,perf_test_50VU_run2_course-000-1381_#_perf_test_50VU_run2_res-000-1381
perf_test_50VU_run2_user-1382,perf_test_50VU_run2_course-000-1382_#_perf_test_50VU_run2_res-000-1382
perf_test_50VU_run2_user-1383,perf_test_50VU_run2_course-000-1383_#_perf_test_50VU_run2_res-000-1383
perf_test_50VU_run2_user-1384,perf_test_50VU_run2_course-000-1384_#_perf_test_50VU_run2_res-000-1384
perf_test_50VU_run2_user-1385,perf_test_50VU_run2_course-000-1385_#_perf_test_50VU_run2_res-000-1385
perf_test_50VU_run2_user-1386,perf_test_50VU_run2_course-000-1386_#_perf_test_50VU_run2_res-000-1386
perf_test_50VU_run2_user-1387,perf_test_50VU_run2_course-000-1387_#_perf_test_50VU_run2_res-000-1387
perf_test_50VU_run2_user-1388,perf_test_50VU_run2_course-000-1388_#_perf_test_50VU_run2_res-000-1388
perf_test_50VU_run2_user-1389,perf_test_50VU_run2_course-000-1389_#_perf_test_50VU_run2_res-000-1389
perf_test_50VU_run2_user-1390,perf_test_50VU_run2_course-000-1390_#_perf_test_50VU_run2_res-000-1390
perf_test_50VU_run2_user-1391,perf_test_50VU_run2_course-000-1391_#_perf_test_50VU_run2_res-000-1391
perf_test_50VU_run2_user-1392,perf_test_50VU_run2_course-000-1392_#_perf_test_50VU_run2_res-000-1392
perf_test_50VU_run2_user-1393,perf_test_50VU_run2_course-000-1393_#_perf_test_50VU_run2_res-000-1393
perf_test_50VU_run2_user-1394,perf_test_50VU_run2_course-000-1394_#_perf_test_50VU_run2_res-000-1394
perf_test_50VU_run2_user-1395,perf_test_50VU_run2_course-000-1395_#_perf_test_50VU_run2_res-000-1395
perf_test_50VU_run2_user-1396,perf_test_50VU_run2_course-000-1396_#_perf_test_50VU_run2_res-000-1396
perf_test_50VU_run2_user-1397,perf_test_50VU_run2_course-000-1397_#_perf_test_50VU_run2_res-000-1397
perf_test_50VU_run2_user-1398,perf_test_50VU_run2_course-000-1398_#_perf_test_50VU_run2_res-000-1398
perf_test_50VU_run2_user-1399,perf_test_50VU_run2_course-000-1399_#_perf_test_50VU_run2_res-000-1399
perf_test_50VU_run2_user-1400,perf_test_50VU_run2_course-000-1400_#_perf_test_50VU_run2_res-000-1400
perf_test_50VU_run2_user-1401,perf_test_50VU_run2_course-000-1401_#_perf_test_50VU_run2_res-000-1401
perf_test_50VU_run2_user-1402,perf_test_50VU_run2_course-000-1402_#_perf_test_50VU_run2_res-000-1402
perf_test_50VU_run2_user-1403,perf_test_50VU_run2_course-000-1403_#_perf_test_50VU_run2_res-000-1403
perf_test_50VU_run2_user-1404,perf_test_50VU_run2_course-000-1404_#_perf_test_50VU_run2_res-000-1404
perf_test_50VU_run2_user-1405,perf_test_50VU_run2_course-000-1405_#_perf_test_50VU_run2_res-000-1405
perf_test_50VU_run2_user-1406,perf_test_50VU_run2_course-000-1406_#_perf_test_50VU_run2_res-000-1406
perf_test_50VU_run2_user-1407,perf_test_50VU_run2_course-000-1407_#_perf_test_50VU_run2_res-000-1407
perf_test_50VU_run2_user-1408,perf_test_50VU_run2_course-000-1408_#_perf_test_50VU_run2_res-000-1408
perf_test_50VU_run2_user-1409,perf_test_50VU_run2_course-000-1409_#_perf_test_50VU_run2_res-000-1409
perf_test_50VU_run2_user-1410,perf_test_50VU_run2_course-000-1410_#_perf_test_50VU_run2_res-000-1410
perf_test_50VU_run2_user-1411,perf_test_50VU_run2_course-000-1411_#_perf_test_50VU_run2_res-000-1411
perf_test_50VU_run2_user-1412,perf_test_50VU_run2_course-000-1412_#_perf_test_50VU_run2_res-000-1412
perf_test_50VU_run2_user-1413,perf_test_50VU_run2_course-000-1413_#_perf_test_50VU_run2_res-000-1413
perf_test_50VU_run2_user-1414,perf_test_50VU_run2_course-000-1414_#_perf_test_50VU_run2_res-000-1414
perf_test_50VU_run2_user-1415,perf_test_50VU_run2_course-000-1415_#_perf_test_50VU_run2_res-000-1415
perf_test_50VU_run2_user-1416,perf_test_50VU_run2_course-000-1416_#_perf_test_50VU_run2_res-000-1416
perf_test_50VU_run2_user-1417,perf_test_50VU_run2_course-000-1417_#_perf_test_50VU_run2_res-000-1417
perf_test_50VU_run2_user-1418,perf_test_50VU_run2_course-000-1418_#_perf_test_50VU_run2_res-000-1418
perf_test_50VU_run2_user-1419,perf_test_50VU_run2_course-000-1419_#_perf_test_50VU_run2_res-000-1419
perf_test_50VU_run2_user-1420,perf_test_50VU_run2_course-000-1420_#_perf_test_50VU_run2_res-000-1420
perf_test_50VU_run2_user-1421,perf_test_50VU_run2_course-000-1421_#_perf_test_50VU_run2_res-000-1421
perf_test_50VU_run2_user-1422,perf_test_50VU_run2_course-000-1422_#_perf_test_50VU_run2_res-000-1422
perf_test_50VU_run2_user-1423,perf_test_50VU_run2_course-000-1423_#_perf_test_50VU_run2_res-000-1423
perf_test_50VU_run2_user-1424,perf_test_50VU_run2_course-000-1424_#_perf_test_50VU_run2_res-000-1424
perf_test_50VU_run2_user-1425,perf_test_50VU_run2_course-000-1425_#_perf_test_50VU_run2_res-000-1425
perf_test_50VU_run2_user-1426,perf_test_50VU_run2_course-000-1426_#_perf_test_50VU_run2_res-000-1426
perf_test_50VU_run2_user-1427,perf_test_50VU_run2_course-000-1427_#_perf_test_50VU_run2_res-000-1427
perf_test_50VU_run2_user-1428,perf_test_50VU_run2_course-000-1428_#_perf_test_50VU_run2_res-000-1428
perf_test_50VU_run2_user-1429,perf_test_50VU_run2_course-000-1429_#_perf_test_50VU_run2_res-000-1429
perf_test_50VU_run2_user-1430,perf_test_50VU_run2_course-000-1430_#_perf_test_50VU_run2_res-000-1430
perf_test_50VU_run2_user-1431,perf_test_50VU_run2_course-000-1431_#_perf_test_50VU_run2_res-000-1431
perf_test_50VU_run2_user-1432,perf_test_50VU_run2_course-000-1432_#_perf_test_50VU_run2_res-000-1432
perf_test_50VU_run2_user-1433,perf_test_50VU_run2_course-000-1433_#_perf_test_50VU_run2_res-000-1433
perf_test_50VU_run2_user-1434,perf_test_50VU_run2_course-000-1434_#_perf_test_50VU_run2_res-000-1434
perf_test_50VU_run2_user-1435,perf_test_50VU_run2_course-000-1435_#_perf_test_50VU_run2_res-000-1435
perf_test_50VU_run2_user-1436,perf_test_50VU_run2_course-000-1436_#_perf_test_50VU_run2_res-000-1436
perf_test_50VU_run2_user-1437,perf_test_50VU_run2_course-000-1437_#_perf_test_50VU_run2_res-000-1437
perf_test_50VU_run2_user-1438,perf_test_50VU_run2_course-000-1438_#_perf_test_50VU_run2_res-000-1438
perf_test_50VU_run2_user-1439,perf_test_50VU_run2_course-000-1439_#_perf_test_50VU_run2_res-000-1439
perf_test_50VU_run2_user-1440,perf_test_50VU_run2_course-000-1440_#_perf_test_50VU_run2_res-000-1440
perf_test_50VU_run2_user-1441,perf_test_50VU_run2_course-000-1441_#_perf_test_50VU_run2_res-000-1441
perf_test_50VU_run2_user-1442,perf_test_50VU_run2_course-000-1442_#_perf_test_50VU_run2_res-000-1442
perf_test_50VU_run2_user-1443,perf_test_50VU_run2_course-000-1443_#_perf_test_50VU_run2_res-000-1443
perf_test_50VU_run2_user-1444,perf_test_50VU_run2_course-000-1444_#_perf_test_50VU_run2_res-000-1444
perf_test_50VU_run2_user-1445,perf_test_50VU_run2_course-000-1445_#_perf_test_50VU_run2_res-000-1445
perf_test_50VU_run2_user-1446,perf_test_50VU_run2_course-000-1446_#_perf_test_50VU_run2_res-000-1446
perf_test_50VU_run2_user-1447,perf_test_50VU_run2_course-000-1447_#_perf_test_50VU_run2_res-000-1447
perf_test_50VU_run2_user-1448,perf_test_50VU_run2_course-000-1448_#_perf_test_50VU_run2_res-000-1448
perf_test_50VU_run2_user-1449,perf_test_50VU_run2_course-000-1449_#_perf_test_50VU_run2_res-000-1449
perf_test_50VU_run2_user-1450,perf_test_50VU_run2_course-000-1450_#_perf_test_50VU_run2_res-000-1450
perf_test_50VU_run2_user-1451,perf_test_50VU_run2_course-000-1451_#_perf_test_50VU_run2_res-000-1451
perf_test_50VU_run2_user-1452,perf_test_50VU_run2_course-000-1452_#_perf_test_50VU_run2_res-000-1452
perf_test_50VU_run2_user-1453,perf_test_50VU_run2_course-000-1453_#_perf_test_50VU_run2_res-000-1453
perf_test_50VU_run2_user-1454,perf_test_50VU_run2_course-000-1454_#_perf_test_50VU_run2_res-000-1454
perf_test_50VU_run2_user-1455,perf_test_50VU_run2_course-000-1455_#_perf_test_50VU_run2_res-000-1455
perf_test_50VU_run2_user-1456,perf_test_50VU_run2_course-000-1456_#_perf_test_50VU_run2_res-000-1456
perf_test_50VU_run2_user-1457,perf_test_50VU_run2_course-000-1457_#_perf_test_50VU_run2_res-000-1457
perf_test_50VU_run2_user-1458,perf_test_50VU_run2_course-000-1458_#_perf_test_50VU_run2_res-000-1458
perf_test_50VU_run2_user-1459,perf_test_50VU_run2_course-000-1459_#_perf_test_50VU_run2_res-000-1459
perf_test_50VU_run2_user-1460,perf_test_50VU_run2_course-000-1460_#_perf_test_50VU_run2_res-000-1460
perf_test_50VU_run2_user-1461,perf_test_50VU_run2_course-000-1461_#_perf_test_50VU_run2_res-000-1461
perf_test_50VU_run2_user-1462,perf_test_50VU_run2_course-000-1462_#_perf_test_50VU_run2_res-000-1462
perf_test_50VU_run2_user-1463,perf_test_50VU_run2_course-000-1463_#_perf_test_50VU_run2_res-000-1463
perf_test_50VU_run2_user-1464,perf_test_50VU_run2_course-000-1464_#_perf_test_50VU_run2_res-000-1464
perf_test_50VU_run2_user-1465,perf_test_50VU_run2_course-000-1465_#_perf_test_50VU_run2_res-000-1465
perf_test_50VU_run2_user-1466,perf_test_50VU_run2_course-000-1466_#_perf_test_50VU_run2_res-000-1466
perf_test_50VU_run2_user-1467,perf_test_50VU_run2_course-000-1467_#_perf_test_50VU_run2_res-000-1467
perf_test_50VU_run2_user-1468,perf_test_50VU_run2_course-000-1468_#_perf_test_50VU_run2_res-000-1468
perf_test_50VU_run2_user-1469,perf_test_50VU_run2_course-000-1469_#_perf_test_50VU_run2_res-000-1469
perf_test_50VU_run2_user-1470,perf_test_50VU_run2_course-000-1470_#_perf_test_50VU_run2_res-000-1470
perf_test_50VU_run2_user-1471,perf_test_50VU_run2_course-000-1471_#_perf_test_50VU_run2_res-000-1471
perf_test_50VU_run2_user-1472,perf_test_50VU_run2_course-000-1472_#_perf_test_50VU_run2_res-000-1472
perf_test_50VU_run2_user-1473,perf_test_50VU_run2_course-000-1473_#_perf_test_50VU_run2_res-000-1473
perf_test_50VU_run2_user-1474,perf_test_50VU_run2_course-000-1474_#_perf_test_50VU_run2_res-000-1474
perf_test_50VU_run2_user-1475,perf_test_50VU_run2_course-000-1475_#_perf_test_50VU_run2_res-000-1475
perf_test_50VU_run2_user-1476,perf_test_50VU_run2_course-000-1476_#_perf_test_50VU_run2_res-000-1476
perf_test_50VU_run2_user-1477,perf_test_50VU_run2_course-000-1477_#_perf_test_50VU_run2_res-000-1477
perf_test_50VU_run2_user-1478,perf_test_50VU_run2_course-000-1478_#_perf_test_50VU_run2_res-000-1478
perf_test_50VU_run2_user-1479,perf_test_50VU_run2_course-000-1479_#_perf_test_50VU_run2_res-000-1479
perf_test_50VU_run2_user-1480,perf_test_50VU_run2_course-000-1480_#_perf_test_50VU_run2_res-000-1480
perf_test_50VU_run2_user-1481,perf_test_50VU_run2_course-000-1481_#_perf_test_50VU_run2_res-000-1481
perf_test_50VU_run2_user-1482,perf_test_50VU_run2_course-000-1482_#_perf_test_50VU_run2_res-000-1482
perf_test_50VU_run2_user-1483,perf_test_50VU_run2_course-000-1483_#_perf_test_50VU_run2_res-000-1483
perf_test_50VU_run2_user-1484,perf_test_50VU_run2_course-000-1484_#_perf_test_50VU_run2_res-000-1484
perf_test_50VU_run2_user-1485,perf_test_50VU_run2_course-000-1485_#_perf_test_50VU_run2_res-000-1485
perf_test_50VU_run2_user-1486,perf_test_50VU_run2_course-000-1486_#_perf_test_50VU_run2_res-000-1486
perf_test_50VU_run2_user-1487,perf_test_50VU_run2_course-000-1487_#_perf_test_50VU_run2_res-000-1487
perf_test_50VU_run2_user-1488,perf_test_50VU_run2_course-000-1488_#_perf_test_50VU_run2_res-000-1488
perf_test_50VU_run2_user-1489,perf_test_50VU_run2_course-000-1489_#_perf_test_50VU_run2_res-000-1489
perf_test_50VU_run2_user-1490,perf_test_50VU_run2_course-000-1490_#_perf_test_50VU_run2_res-000-1490
perf_test_50VU_run2_user-1491,perf_test_50VU_run2_course-000-1491_#_perf_test_50VU_run2_res-000-1491
perf_test_50VU_run2_user-1492,perf_test_50VU_run2_course-000-1492_#_perf_test_50VU_run2_res-000-1492
perf_test_50VU_run2_user-1493,perf_test_50VU_run2_course-000-1493_#_perf_test_50VU_run2_res-000-1493
perf_test_50VU_run2_user-1494,perf_test_50VU_run2_course-000-1494_#_perf_test_50VU_run2_res-000-1494
perf_test_50VU_run2_user-1495,perf_test_50VU_run2_course-000-1495_#_perf_test_50VU_run2_res-000-1495
perf_test_50VU_run2_user-1496,perf_test_50VU_run2_course-000-1496_#_perf_test_50VU_run2_res-000-1496
perf_test_50VU_run2_user-1497,perf_test_50VU_run2_course-000-1497_#_perf_test_50VU_run2_res-000-1497
perf_test_50VU_run2_user-1498,perf_test_50VU_run2_course-000-1498_#_perf_test_50VU_run2_res-000-1498
perf_test_50VU_run2_user-1499,perf_test_50VU_run2_course-000-1499_#_perf_test_50VU_run2_res-000-1499
perf_test_50VU_run2_user-1500,perf_test_50VU_run2_course-000-1500_#_perf_test_50VU_run2_res-000-1500