std_GyR3-Mwqu_1700478919808_5,GyR3-Mwqu,3B8PE
std_98L3-LszR_1700478923645_1,98L3-LszR,3B8PE
std_dy2c-4ZdU_1700478926429_2,dy2c-4ZdU,3B8PE
std_vCAM-dc3b_1700478932970_3,vCAM-dc3b,3B8PE
std_uxdm-yXCt_1700478941564_4,uxdm-yXCt,3B8PE
std_GyR3-Mwqu_1700478949672_5,GyR3-Mwqu,3B8PE
std_dy2c-4ZdU_1700478957201_2,dy2c-4ZdU,3B8PE
std_98L3-LszR_1700478954754_1,98L3-LszR,3B8PE
std_vCAM-dc3b_1700478965036_3,vCAM-dc3b,3B8PE
std_uxdm-yXCt_1700478973734_4,uxdm-yXCt,3B8PE
std_GyR3-Mwqu_1700478979559_5,GyR3-Mwqu,3B8PE
std_dy2c-4ZdU_1700478991724_2,dy2c-4ZdU,3B8PE
std_vCAM-dc3b_1700478993964_3,vCAM-dc3b,3B8PE
std_98L3-LszR_1700478991891_1,98L3-LszR,3B8PE
std_uxdm-yXCt_1700479007805_4,uxdm-yXCt,3B8PE
std_GyR3-Mwqu_1700479009162_5,GyR3-Mwqu,3B8PE
std_vCAM-dc3b_1700479025195_3,vCAM-dc3b,3B8PE
std_98L3-LszR_1700479028050_1,98L3-LszR,3B8PE
std_dy2c-4ZdU_1700479023203_2,dy2c-4ZdU,3B8PE
std_uxdm-yXCt_1700479037175_4,uxdm-yXCt,3B8PE
std_GyR3-Mwqu_1700479040545_5,GyR3-Mwqu,3B8PE
std_98L3-LszR_1700479054317_1,98L3-LszR,3B8PE
std_dy2c-4ZdU_1700479054685_2,dy2c-4ZdU,3B8PE
std_vCAM-dc3b_1700479052695_3,vCAM-dc3b,3B8PE
std_uxdm-yXCt_1700479064553_4,uxdm-yXCt,3B8PE
std_GyR3-Mwqu_1700479073921_5,GyR3-Mwqu,3B8PE
std_98L3-LszR_1700479080208_1,98L3-LszR,3B8PE
std_vCAM-dc3b_1700479085998_3,vCAM-dc3b,3B8PE
std_dy2c-4ZdU_1700479083436_2,dy2c-4ZdU,3B8PE
std_uxdm-yXCt_1700479091818_4,uxdm-yXCt,3B8PE
std_GyR3-Mwqu_1700479108455_5,GyR3-Mwqu,3B8PE
std_vCAM-dc3b_1700479115829_3,vCAM-dc3b,3B8PE
std_98L3-LszR_1700479112902_1,98L3-LszR,3B8PE
std_dy2c-4ZdU_1700479116236_2,dy2c-4ZdU,3B8PE
std_uxdm-yXCt_1700479123338_4,uxdm-yXCt,3B8PE
std_vCAM-dc3b_1700479143655_3,vCAM-dc3b,3B8PE
std_dy2c-4ZdU_1700479150541_2,dy2c-4ZdU,3B8PE
std_GyR3-Mwqu_1700479141432_5,GyR3-Mwqu,3B8PE
std_98L3-LszR_1700479147937_1,98L3-LszR,3B8PE
std_uxdm-yXCt_1700479158293_4,uxdm-yXCt,3B8PE
std_dy2c-4ZdU_1700479175279_2,dy2c-4ZdU,3B8PE
std_GyR3-Mwqu_1700479175445_5,GyR3-Mwqu,3B8PE
std_vCAM-dc3b_1700479171905_3,vCAM-dc3b,3B8PE
std_98L3-LszR_1700479180270_1,98L3-LszR,3B8PE
std_uxdm-yXCt_1700479186684_4,uxdm-yXCt,3B8PE
std_dy2c-4ZdU_1700479200686_2,dy2c-4ZdU,3B8PE
std_GyR3-Mwqu_1700479204337_5,GyR3-Mwqu,3B8PE
std_vCAM-dc3b_1700479205990_3,vCAM-dc3b,3B8PE
std_98L3-LszR_1700479212941_1,98L3-LszR,3B8PE
std_uxdm-yXCt_1700479214839_4,uxdm-yXCt,3B8PE
std_GyR3-Mwqu_1700479234495_5,GyR3-Mwqu,3B8PE
std_dy2c-4ZdU_1700479234158_2,dy2c-4ZdU,3B8PE
std_vCAM-dc3b_1700479236896_3,vCAM-dc3b,3B8PE
std_uxdm-yXCt_1700479245917_4,uxdm-yXCt,3B8PE
std_98L3-LszR_1700479245774_1,98L3-LszR,3B8PE
std_GyR3-Mwqu_1700479264942_5,GyR3-Mwqu,3B8PE
std_dy2c-4ZdU_1700479266702_2,dy2c-4ZdU,3B8PE
std_uxdm-yXCt_1700479273142_4,uxdm-yXCt,3B8PE
std_vCAM-dc3b_1700479271195_3,vCAM-dc3b,3B8PE
std_98L3-LszR_1700479275857_1,98L3-LszR,3B8PE
std_dy2c-4ZdU_1700479298068_2,dy2c-4ZdU,3B8PE
std_uxdm-yXCt_1700479300334_4,uxdm-yXCt,3B8PE
std_GyR3-Mwqu_1700479297160_5,GyR3-Mwqu,3B8PE
std_98L3-LszR_1700479301648_1,98L3-LszR,3B8PE
std_vCAM-dc3b_1700479301628_3,vCAM-dc3b,3B8PE
std_dy2c-4ZdU_1700479323519_2,dy2c-4ZdU,3B8PE
std_uxdm-yXCt_1700479326524_4,uxdm-yXCt,3B8PE
std_GyR3-Mwqu_1700479327514_5,GyR3-Mwqu,3B8PE
std_vCAM-dc3b_1700479332155_3,vCAM-dc3b,3B8PE
std_98L3-LszR_1700479331567_1,98L3-LszR,3B8PE
std_dy2c-4ZdU_1700479348842_2,dy2c-4ZdU,3B8PE
std_uxdm-yXCt_1700479358227_4,uxdm-yXCt,3B8PE
std_GyR3-Mwqu_1700479359123_5,GyR3-Mwqu,3B8PE
std_vCAM-dc3b_1700479362169_3,vCAM-dc3b,3B8PE
std_98L3-LszR_1700479364892_1,98L3-LszR,3B8PE
std_dy2c-4ZdU_1700479382953_2,dy2c-4ZdU,3B8PE
std_uxdm-yXCt_1700479386311_4,uxdm-yXCt,3B8PE
std_vCAM-dc3b_1700479394714_3,vCAM-dc3b,3B8PE
std_GyR3-Mwqu_1700479393930_5,GyR3-Mwqu,3B8PE
std_98L3-LszR_1700479399078_1,98L3-LszR,3B8PE
std_dy2c-4ZdU_1700479411688_2,dy2c-4ZdU,3B8PE
std_uxdm-yXCt_1700479414514_4,uxdm-yXCt,3B8PE
std_vCAM-dc3b_1700479420769_3,vCAM-dc3b,3B8PE
std_GyR3-Mwqu_1700479422888_5,GyR3-Mwqu,3B8PE
std_98L3-LszR_1700479428642_1,98L3-LszR,3B8PE
std_uxdm-yXCt_1700479447004_4,uxdm-yXCt,3B8PE
std_vCAM-dc3b_1700479448218_3,vCAM-dc3b,3B8PE
std_dy2c-4ZdU_1700479444957_2,dy2c-4ZdU,3B8PE
std_GyR3-Mwqu_1700479451459_5,GyR3-Mwqu,3B8PE
std_98L3-LszR_1700479456070_1,98L3-LszR,3B8PE
std_dy2c-4ZdU_1700479478289_2,dy2c-4ZdU,3B8PE
std_uxdm-yXCt_1700479477246_4,uxdm-yXCt,3B8PE
std_vCAM-dc3b_1700479477863_3,vCAM-dc3b,3B8PE
std_98L3-LszR_1700479489394_1,98L3-LszR,3B8PE
std_GyR3-Mwqu_1700479486164_5,GyR3-Mwqu,3B8PE
std_dy2c-4ZdU_1700479507162_2,dy2c-4ZdU,3B8PE
std_uxdm-yXCt_1700479507771_4,uxdm-yXCt,3B8PE
std_vCAM-dc3b_1700479508240_3,vCAM-dc3b,3B8PE
std_GyR3-Mwqu_1700479516152_5,GyR3-Mwqu,3B8PE
std_98L3-LszR_1700479515419_1,98L3-LszR,3B8PE
std_dy2c-4ZdU_1700479534893_2,dy2c-4ZdU,3B8PE
std_uxdm-yXCt_1700479537010_4,uxdm-yXCt,3B8PE
std_vCAM-dc3b_1700479541210_3,vCAM-dc3b,3B8PE
std_GyR3-Mwqu_1700479544448_5,GyR3-Mwqu,3B8PE
std_98L3-LszR_1700479546517_1,98L3-LszR,3B8PE
std_dy2c-4ZdU_1700479568499_2,dy2c-4ZdU,3B8PE
std_uxdm-yXCt_1700479569703_4,uxdm-yXCt,3B8PE
std_GyR3-Mwqu_1700479573150_5,GyR3-Mwqu,3B8PE
std_vCAM-dc3b_1700479571429_3,vCAM-dc3b,3B8PE
std_98L3-LszR_1700479575222_1,98L3-LszR,3B8PE
std_dy2c-4ZdU_1700479596225_2,dy2c-4ZdU,3B8PE
std_uxdm-yXCt_1700479597236_4,uxdm-yXCt,3B8PE
std_vCAM-dc3b_1700479604483_3,vCAM-dc3b,3B8PE
std_98L3-LszR_1700479607913_1,98L3-LszR,3B8PE
std_GyR3-Mwqu_1700479602947_5,GyR3-Mwqu,3B8PE
std_dy2c-4ZdU_1700479622346_2,dy2c-4ZdU,3B8PE
std_uxdm-yXCt_1700479624343_4,uxdm-yXCt,3B8PE
std_98L3-LszR_1700479634225_1,98L3-LszR,3B8PE
std_GyR3-Mwqu_1700479638446_5,GyR3-Mwqu,3B8PE
std_vCAM-dc3b_1700479634220_3,vCAM-dc3b,3B8PE
std_dy2c-4ZdU_1700479650386_2,dy2c-4ZdU,3B8PE
std_uxdm-yXCt_1700479656861_4,uxdm-yXCt,3B8PE
std_98L3-LszR_1700479660710_1,98L3-LszR,3B8PE
std_GyR3-Mwqu_1700479663828_5,GyR3-Mwqu,3B8PE
std_vCAM-dc3b_1700479666096_3,vCAM-dc3b,3B8PE
std_uxdm-yXCt_1700479687519_4,uxdm-yXCt,3B8PE
std_dy2c-4ZdU_1700479684968_2,dy2c-4ZdU,3B8PE
std_vCAM-dc3b_1700479695592_3,vCAM-dc3b,3B8PE
std_98L3-LszR_1700479690827_1,98L3-LszR,3B8PE
std_GyR3-Mwqu_1700479694248_5,GyR3-Mwqu,3B8PE
std_uxdm-yXCt_1700479712446_4,uxdm-yXCt,3B8PE
std_dy2c-4ZdU_1700479713087_2,dy2c-4ZdU,3B8PE
std_98L3-LszR_1700479720870_1,98L3-LszR,3B8PE
std_vCAM-dc3b_1700479720558_3,vCAM-dc3b,3B8PE
std_GyR3-Mwqu_1700479720921_5,GyR3-Mwqu,3B8PE
std_dy2c-4ZdU_1700479739582_2,dy2c-4ZdU,3B8PE
std_uxdm-yXCt_1700479737924_4,uxdm-yXCt,3B8PE
std_98L3-LszR_1700479748172_1,98L3-LszR,3B8PE
std_vCAM-dc3b_1700479749354_3,vCAM-dc3b,3B8PE
std_GyR3-Mwqu_1700479752546_5,GyR3-Mwqu,3B8PE
std_dy2c-4ZdU_1700479766592_2,dy2c-4ZdU,3B8PE
std_uxdm-yXCt_1700479768510_4,uxdm-yXCt,3B8PE
std_vCAM-dc3b_1700479776755_3,vCAM-dc3b,3B8PE
std_98L3-LszR_1700479775983_1,98L3-LszR,3B8PE
std_GyR3-Mwqu_1700479785865_5,GyR3-Mwqu,3B8PE
std_dy2c-4ZdU_1700479793670_2,dy2c-4ZdU,3B8PE
std_uxdm-yXCt_1700479801550_4,uxdm-yXCt,3B8PE
std_vCAM-dc3b_1700479807667_3,vCAM-dc3b,3B8PE
std_98L3-LszR_1700479808198_1,98L3-LszR,3B8PE
std_GyR3-Mwqu_1700479820149_5,GyR3-Mwqu,3B8PE
std_dy2c-4ZdU_1700479821504_2,dy2c-4ZdU,3B8PE
std_uxdm-yXCt_1700479827280_4,uxdm-yXCt,3B8PE
std_vCAM-dc3b_1700479836839_3,vCAM-dc3b,3B8PE
std_98L3-LszR_1700479841293_1,98L3-LszR,3B8PE
std_GyR3-Mwqu_1700479845700_5,GyR3-Mwqu,3B8PE
std_uxdm-yXCt_1700479853347_4,uxdm-yXCt,3B8PE
std_dy2c-4ZdU_1700479851259_2,dy2c-4ZdU,3B8PE
std_vCAM-dc3b_1700479865879_3,vCAM-dc3b,3B8PE
std_98L3-LszR_1700479874741_1,98L3-LszR,3B8PE
std_GyR3-Mwqu_1700479881078_5,GyR3-Mwqu,3B8PE
std_uxdm-yXCt_1700479882709_4,uxdm-yXCt,3B8PE
std_dy2c-4ZdU_1700479883703_2,dy2c-4ZdU,3B8PE
std_vCAM-dc3b_1700479899048_3,vCAM-dc3b,3B8PE
std_GyR3-Mwqu_1700479910689_5,GyR3-Mwqu,3B8PE
std_98L3-LszR_1700479909208_1,98L3-LszR,3B8PE
std_dy2c-4ZdU_1700479915372_2,dy2c-4ZdU,3B8PE
std_uxdm-yXCt_1700479913072_4,uxdm-yXCt,3B8PE
std_vCAM-dc3b_1700479929893_3,vCAM-dc3b,3B8PE
std_98L3-LszR_1700479937243_1,98L3-LszR,3B8PE
std_GyR3-Mwqu_1700479936900_5,GyR3-Mwqu,3B8PE
std_dy2c-4ZdU_1700479946368_2,dy2c-4ZdU,3B8PE
std_uxdm-yXCt_1700479947015_4,uxdm-yXCt,3B8PE
std_vCAM-dc3b_1700479958656_3,vCAM-dc3b,3B8PE
std_98L3-LszR_1700479966816_1,98L3-LszR,3B8PE
std_GyR3-Mwqu_1700479969161_5,GyR3-Mwqu,3B8PE
std_uxdm-yXCt_1700479977861_4,uxdm-yXCt,3B8PE
std_dy2c-4ZdU_1700479973989_2,dy2c-4ZdU,3B8PE
std_vCAM-dc3b_1700479988794_3,vCAM-dc3b,3B8PE
std_98L3-LszR_1700479995151_1,98L3-LszR,3B8PE
std_GyR3-Mwqu_1700479997559_5,GyR3-Mwqu,3B8PE
std_uxdm-yXCt_1700480005502_4,uxdm-yXCt,3B8PE
std_dy2c-4ZdU_1700480008591_2,dy2c-4ZdU,3B8PE
std_vCAM-dc3b_1700480021420_3,vCAM-dc3b,3B8PE
std_GyR3-Mwqu_1700480025008_5,GyR3-Mwqu,3B8PE
std_98L3-LszR_1700480024576_1,98L3-LszR,3B8PE
std_dy2c-4ZdU_1700480035064_2,dy2c-4ZdU,3B8PE
std_uxdm-yXCt_1700480033770_4,uxdm-yXCt,3B8PE
std_vCAM-dc3b_1700480047530_3,vCAM-dc3b,3B8PE
std_98L3-LszR_1700480052093_1,98L3-LszR,3B8PE
std_GyR3-Mwqu_1700480051733_5,GyR3-Mwqu,3B8PE
std_dy2c-4ZdU_1700480065421_2,dy2c-4ZdU,3B8PE
std_uxdm-yXCt_1700480068425_4,uxdm-yXCt,3B8PE
std_vCAM-dc3b_1700480072457_3,vCAM-dc3b,3B8PE
std_GyR3-Mwqu_1700480082978_5,GyR3-Mwqu,3B8PE
std_98L3-LszR_1700480082098_1,98L3-LszR,3B8PE
std_dy2c-4ZdU_1700480092925_2,dy2c-4ZdU,3B8PE
std_uxdm-yXCt_1700480098949_4,uxdm-yXCt,3B8PE
std_vCAM-dc3b_1700480102997_3,vCAM-dc3b,3B8PE
std_GyR3-Mwqu_1700480108215_5,GyR3-Mwqu,3B8PE
std_98L3-LszR_1700480116551_1,98L3-LszR,3B8PE
std_dy2c-4ZdU_1700480128574_2,dy2c-4ZdU,3B8PE
std_uxdm-yXCt_1700480132659_4,uxdm-yXCt,3B8PE
std_vCAM-dc3b_1700480135343_3,vCAM-dc3b,3B8PE
std_98L3-LszR_1700480144195_1,98L3-LszR,3B8PE
std_GyR3-Mwqu_1700480140607_5,GyR3-Mwqu,3B8PE
std_dy2c-4ZdU_1700480162250_2,dy2c-4ZdU,3B8PE
std_uxdm-yXCt_1700480162350_4,uxdm-yXCt,3B8PE
std_vCAM-dc3b_1700480166859_3,vCAM-dc3b,3B8PE
std_98L3-LszR_1700480171789_1,98L3-LszR,3B8PE
std_GyR3-Mwqu_1700480172209_5,GyR3-Mwqu,3B8PE
std_dy2c-4ZdU_1700480193805_2,dy2c-4ZdU,3B8PE
std_uxdm-yXCt_1700480195280_4,uxdm-yXCt,3B8PE
std_98L3-LszR_1700480200756_1,98L3-LszR,3B8PE
std_GyR3-Mwqu_1700480204785_5,GyR3-Mwqu,3B8PE
std_vCAM-dc3b_1700480200722_3,vCAM-dc3b,3B8PE
std_dy2c-4ZdU_1700480219586_2,dy2c-4ZdU,3B8PE
std_uxdm-yXCt_1700480230448_4,uxdm-yXCt,3B8PE
std_vCAM-dc3b_1700480235346_3,vCAM-dc3b,3B8PE
std_98L3-LszR_1700480234389_1,98L3-LszR,3B8PE
std_GyR3-Mwqu_1700480234664_5,GyR3-Mwqu,3B8PE
std_dy2c-4ZdU_1700480244949_2,dy2c-4ZdU,3B8PE
std_uxdm-yXCt_1700480256773_4,uxdm-yXCt,3B8PE
std_vCAM-dc3b_1700480263563_3,vCAM-dc3b,3B8PE
std_98L3-LszR_1700480266617_1,98L3-LszR,3B8PE
std_GyR3-Mwqu_1700480267660_5,GyR3-Mwqu,3B8PE
std_dy2c-4ZdU_1700480269545_2,dy2c-4ZdU,3B8PE
std_uxdm-yXCt_1700480285653_4,uxdm-yXCt,3B8PE
std_98L3-LszR_1700480295857_1,98L3-LszR,3B8PE
std_vCAM-dc3b_1700480292765_3,vCAM-dc3b,3B8PE
std_GyR3-Mwqu_1700480300284_5,GyR3-Mwqu,3B8PE
std_dy2c-4ZdU_1700480301282_2,dy2c-4ZdU,3B8PE
std_uxdm-yXCt_1700480310553_4,uxdm-yXCt,3B8PE
std_98L3-LszR_1700480321288_1,98L3-LszR,3B8PE
std_vCAM-dc3b_1700480327632_3,vCAM-dc3b,3B8PE
std_GyR3-Mwqu_1700480331547_5,GyR3-Mwqu,3B8PE
std_dy2c-4ZdU_1700480332190_2,dy2c-4ZdU,3B8PE
std_uxdm-yXCt_1700480335779_4,uxdm-yXCt,3B8PE
std_98L3-LszR_1700480347503_1,98L3-LszR,3B8PE
std_vCAM-dc3b_1700480356501_3,vCAM-dc3b,3B8PE
std_dy2c-4ZdU_1700480364755_2,dy2c-4ZdU,3B8PE
std_GyR3-Mwqu_1700480364753_5,GyR3-Mwqu,3B8PE
std_98L3-LszR_1700480373565_1,98L3-LszR,3B8PE
std_uxdm-yXCt_1700480369065_4,uxdm-yXCt,3B8PE
std_vCAM-dc3b_1700480389504_3,vCAM-dc3b,3B8PE
std_dy2c-4ZdU_1700480391957_2,dy2c-4ZdU,3B8PE
std_GyR3-Mwqu_1700480393895_5,GyR3-Mwqu,3B8PE
std_uxdm-yXCt_1700480401250_4,uxdm-yXCt,3B8PE
std_98L3-LszR_1700480400265_1,98L3-LszR,3B8PE
std_vCAM-dc3b_1700480417822_3,vCAM-dc3b,3B8PE
std_GyR3-Mwqu_1700480426229_5,GyR3-Mwqu,3B8PE
