std_6hRY-26ig_1700546923410_1,6hRY-26ig,3B8PE
std_xVZc-qKCR_1700546940881_3,xVZc-qKCR,3B8PE
std_Pjez-XDJz_1700546942729_2,Pjez-XDJz,3B8PE
std_6hRY-26ig_1700546949771_1,6hRY-26ig,3B8PE
std_24i2-u4CA_1700546947956_4,24i2-u4CA,3B8PE
std_uw96-N8VL_1700546963685_5,uw96-N8VL,3B8PE
std_Pjez-XDJz_1700546974003_2,Pjez-XDJz,3B8PE
std_xVZc-qKCR_1700546971492_3,xVZc-qKCR,3B8PE
std_6hRY-26ig_1700546979701_1,6hRY-26ig,3B8PE
std_24i2-u4CA_1700546984296_4std_uw96-N8VL_1700546991048_5,,24i2-u4CA,uw96-N8VL3B8PE,
3B8PE
std_xVZc-qKCR_1700547002308_3,xVZc-qKCR,3B8PE
std_Pjez-XDJz_1700547001949_2,Pjez-XDJz,3B8PE
std_6hRY-26ig_1700547008711_1,6hRY-26ig,3B8PE
std_24i2-u4CA_1700547019219_4,24i2-u4CA,3B8PE
std_uw96-N8VL_1700547019219_5,uw96-N8VL,3B8PE
std_xVZc-qKCR_1700547030702_3,xVZc-qKCR,3B8PE
std_Pjez-XDJz_1700547032654_2,Pjez-XDJz,3B8PE
std_6hRY-26ig_1700547038569_1,6hRY-26ig,3B8PE
std_uw96-N8VL_1700547051816_5,uw96-N8VL,3B8PE
std_24i2-u4CA_1700547050698_4,24i2-u4CA,3B8PE
std_Pjez-XDJz_1700547061539_2,Pjez-XDJz,3B8PE
std_xVZc-qKCR_1700547061497_3,xVZc-qKCR,3B8PE
std_6hRY-26ig_1700547067983_1,6hRY-26ig,3B8PE
std_uw96-N8VL_1700547082616_5,uw96-N8VL,3B8PE
std_Pjez-XDJz_1700547090267_2,Pjez-XDJz,3B8PE
std_24i2-u4CA_1700547085775_4,24i2-u4CA,3B8PE
std_xVZc-qKCR_1700547091290_3,xVZc-qKCR,3B8PE
std_6hRY-26ig_1700547100566_1,6hRY-26ig,3B8PE
std_uw96-N8VL_1700547110598_5,uw96-N8VL,3B8PE
std_24i2-u4CA_1700547120360_4,24i2-u4CA,3B8PE
std_xVZc-qKCR_1700547124814_3,xVZc-qKCR,3B8PE
std_Pjez-XDJz_1700547117742_2,Pjez-XDJz,3B8PE
std_6hRY-26ig_1700547127030_1,6hRY-26ig,3B8PE
std_uw96-N8VL_1700547141279_5,uw96-N8VL,3B8PE
std_24i2-u4CA_1700547150199_4,24i2-u4CA,3B8PE
std_xVZc-qKCR_1700547151299_3,xVZc-qKCR,3B8PE
std_Pjez-XDJz_1700547152611_2,Pjez-XDJz,3B8PE
std_6hRY-26ig_1700547159907_1,6hRY-26ig,3B8PE
std_uw96-N8VL_1700547174344_5,uw96-N8VL,3B8PE
std_24i2-u4CA_1700547176707_4,24i2-u4CA,3B8PE
std_xVZc-qKCR_1700547180408_3,xVZc-qKCR,3B8PE
std_Pjez-XDJz_1700547185395_2,Pjez-XDJz,3B8PE
std_6hRY-26ig_1700547189851_1,6hRY-26ig,3B8PE
std_uw96-N8VL_1700547209778_5,uw96-N8VL,3B8PE
std_24i2-u4CA_1700547211086_4,24i2-u4CA,3B8PE
std_xVZc-qKCR_1700547214421_3,xVZc-qKCR,3B8PE
std_Pjez-XDJz_1700547215795_2,Pjez-XDJz,3B8PE
std_24i2-u4CA_1700547238649_4,24i2-u4CA,3B8PE
std_uw96-N8VL_1700547238591_5,uw96-N8VL,3B8PE
std_KGxM-C6E2_1700547270302_1,KGxM-C6E2,3B8PE
std_C72R-ebJ3_1700547279856_2,C72R-ebJ3,3B8PE
std_9R7g-4MQM_1700547284839_3,9R7g-4MQM,3B8PE
std_KGxM-C6E2_1700547296723_1,KGxM-C6E2,3B8PE
std_AkuA-e6dP_1700547314680_4,AkuA-e6dP,3B8PE
std_DPK9-jcW4_1700547309211_5,DPK9-jcW4,3B8PE
std_9R7g-4MQM_1700547317668_3,9R7g-4MQM,3B8PE
std_C72R-ebJ3_1700547312447_2,C72R-ebJ3,3B8PE
std_KGxM-C6E2_1700547324129_1,KGxM-C6E2,3B8PE
std_AkuA-e6dP_1700547341094_4,AkuA-e6dP,3B8PE
std_9R7g-4MQM_1700547344652_3,9R7g-4MQM,3B8PE
std_C72R-ebJ3_1700547347277_2,C72R-ebJ3,3B8PE
std_DPK9-jcW4_1700547343060_5,DPK9-jcW4,3B8PE
std_KGxM-C6E2_1700547354272_1,KGxM-C6E2,3B8PE
std_9R7g-4MQM_1700547373798_3,9R7g-4MQM,3B8PE
std_AkuA-e6dP_1700547370171_4,AkuA-e6dP,3B8PE
std_C72R-ebJ3_1700547375014_2,C72R-ebJ3,3B8PE
std_DPK9-jcW4_1700547377498_5,DPK9-jcW4,3B8PE
std_KGxM-C6E2_1700547386948_1,KGxM-C6E2,3B8PE
std_9R7g-4MQM_1700547400644_3,9R7g-4MQM,3B8PE
std_AkuA-e6dP_1700547401594_4,AkuA-e6dP,3B8PE
std_C72R-ebJ3_1700547406864_2,C72R-ebJ3,3B8PE
std_DPK9-jcW4_1700547411414_5,DPK9-jcW4,3B8PE
std_KGxM-C6E2_1700547415708_1,KGxM-C6E2,3B8PE
std_AkuA-e6dP_1700547433330_4,AkuA-e6dP,3B8PE
std_9R7g-4MQM_1700547432355_3,9R7g-4MQM,3B8PE
std_C72R-ebJ3_1700547435877_2,C72R-ebJ3,3B8PE
std_DPK9-jcW4_1700547440183_5,DPK9-jcW4,3B8PE
std_KGxM-C6E2_1700547450460_1,KGxM-C6E2,3B8PE
std_9R7g-4MQM_1700547466068_3,9R7g-4MQM,3B8PE
std_C72R-ebJ3_1700547466824_2,C72R-ebJ3,3B8PE
std_DPK9-jcW4_1700547469606_5,DPK9-jcW4,3B8PE
std_AkuA-e6dP_1700547465470_4,AkuA-e6dP,3B8PE
std_KGxM-C6E2_1700547481575_1,KGxM-C6E2,3B8PE
std_9R7g-4MQM_1700547491620_3,9R7g-4MQM,3B8PE
std_DPK9-jcW4_1700547496284_5,DPK9-jcW4,3B8PE
std_AkuA-e6dP_1700547497268_4,AkuA-e6dP,3B8PE
std_C72R-ebJ3_1700547493475_2,C72R-ebJ3,3B8PE
std_KGxM-C6E2_1700547509021_1,KGxM-C6E2,3B8PE
std_DPK9-jcW4_1700547523703_5,DPK9-jcW4,3B8PE
std_C72R-ebJ3_1700547525160_2,C72R-ebJ3,3B8PE
std_9R7g-4MQM_1700547523659_3,9R7g-4MQM,3B8PE
std_AkuA-e6dP_1700547523926_4,AkuA-e6dP,3B8PE
std_KGxM-C6E2_1700547536213_1,KGxM-C6E2,3B8PE
std_DPK9-jcW4_1700547552306_5,DPK9-jcW4,3B8PE
std_9R7g-4MQM_1700547557261_3,9R7g-4MQM,3B8PE
std_C72R-ebJ3_1700547555235_2,C72R-ebJ3,3B8PE
std_AkuA-e6dP_1700547558160_4,AkuA-e6dP,3B8PE
std_DPK9-jcW4_1700547580580_5,DPK9-jcW4,3B8PE
std_AkuA-e6dP_1700547590471_4,AkuA-e6dP,3B8PE
std_jYr4-bpZ4_1700547632581_2,jYr4-bpZ4,3B8PE
std_n7Mh-63JP_1700547625108_1,n7Mh-63JP,3B8PE
std_j7v6-biq9_1700547643372_3,j7v6-biq9,3B8PE
std_jYr4-bpZ4_1700547658634_2,jYr4-bpZ4,3B8PE
std_vX8o-LWsi_1700547657449_4,vX8o-LWsi,3B8PE
std_n7Mh-63JP_1700547661122_1,n7Mh-63JP,3B8PE
std_xiY9-fpiQ_1700547665843_5,xiY9-fpiQ,3B8PE
std_j7v6-biq9_1700547672969_3,j7v6-biq9,3B8PE
std_vX8o-LWsi_1700547688015_4,vX8o-LWsi,3B8PE
std_jYr4-bpZ4_1700547685911_2,jYr4-bpZ4,3B8PE
std_n7Mh-63JP_1700547689804_1,n7Mh-63JP,3B8PE
std_xiY9-fpiQ_1700547699991_5,xiY9-fpiQ,3B8PE
std_j7v6-biq9_1700547702779_3,j7v6-biq9,3B8PE
std_vX8o-LWsi_1700547719261_4,vX8o-LWsi,3B8PE
std_n7Mh-63JP_1700547721300_1,n7Mh-63JP,3B8PE
std_jYr4-bpZ4_1700547720905_2,jYr4-bpZ4,3B8PE
std_xiY9-fpiQ_1700547726760_5,xiY9-fpiQ,3B8PE
std_j7v6-biq9_1700547735112_3,j7v6-biq9,3B8PE
std_jYr4-bpZ4_1700547752486_2,jYr4-bpZ4,3B8PE
std_vX8o-LWsi_1700547751170_4,vX8o-LWsi,3B8PE
std_n7Mh-63JP_1700547751441_1,n7Mh-63JP,3B8PE
std_xiY9-fpiQ_1700547760076_5,xiY9-fpiQ,3B8PE
std_j7v6-biq9_1700547767487_3,j7v6-biq9,3B8PE
std_jYr4-bpZ4_1700547779061_2,jYr4-bpZ4,3B8PE
std_vX8o-LWsi_1700547781942_4,vX8o-LWsi,3B8PE
std_xiY9-fpiQ_1700547790953_5,xiY9-fpiQ,3B8PE
std_n7Mh-63JP_1700547785434_1std_j7v6-biq9_1700547794291_3,n7Mh-63JP,j7v6-biq9,3B8PE
,3B8PE
std_vX8o-LWsi_1700547809826_4,vX8o-LWsi,3B8PE
std_jYr4-bpZ4_1700547809573_2,jYr4-bpZ4,3B8PE
std_n7Mh-63JP_1700547820377_1,n7Mh-63JP,3B8PE
std_xiY9-fpiQ_1700547817992_5,xiY9-fpiQ,3B8PE
std_j7v6-biq9_1700547820377_3,j7v6-biq9,3B8PE
std_jYr4-bpZ4_1700547838545_2,jYr4-bpZ4,3B8PE
std_vX8o-LWsi_1700547835472_4,vX8o-LWsi,3B8PE
std_n7Mh-63JP_1700547846654_1,n7Mh-63JP,3B8PE
std_j7v6-biq9_1700547852207_3,j7v6-biq9,3B8PE
std_xiY9-fpiQ_1700547850306_5,xiY9-fpiQ,3B8PE
std_jYr4-bpZ4_1700547864150_2,jYr4-bpZ4,3B8PE
std_vX8o-LWsi_1700547869671_4,vX8o-LWsi,3B8PE
std_n7Mh-63JP_1700547877314_1,n7Mh-63JP,3B8PE
std_j7v6-biq9_1700547878731_3,j7v6-biq9,3B8PE
std_xiY9-fpiQ_1700547885083_5,xiY9-fpiQ,3B8PE
std_jYr4-bpZ4_1700547889160_2,jYr4-bpZ4,3B8PE
std_vX8o-LWsi_1700547895296_4,vX8o-LWsi,3B8PE
std_n7Mh-63JP_1700547902911_1,n7Mh-63JP,3B8PE
std_j7v6-biq9_1700547906471_3,j7v6-biq9,3B8PE
std_xiY9-fpiQ_1700547914617_5,xiY9-fpiQ,3B8PE
std_vX8o-LWsi_1700547922754_4,vX8o-LWsi,3B8PE
std_xiY9-fpiQ_1700547941771_5,xiY9-fpiQ,3B8PE
